"col0","col1","col2"
"CustomerPortal.CustomerWebsite.Pages.GeneratePriceList.OnGet","CustomerPortal.CustomerWebsite.Pages.GeneratePriceList.OnGet","System.DateOnly.FromDateTime"
"CustomerPortal.CustomerWebsite.Pages.GeneratePriceList.OnPost","CustomerPortal.CustomerWebsite.Pages.GeneratePriceList.OnPost","Microsoft.Extensions.Logging.LoggerExtensions.LogInformation"
"CustomerPortal.CustomerWebsite.Pages.GeneratePriceList.OnPost","CustomerPortal.CustomerWebsite.Pages.GeneratePriceList.OnPost","StackExchange.Redis.ConnectionMultiplexer.GetDatabase"
"CustomerPortal.CustomerWebsite.Pages.GeneratePriceList.OnPost","CustomerPortal.CustomerWebsite.Pages.GeneratePriceList.OnPost","StackExchange.Redis.IConnectionMultiplexer.GetDatabase"
"CustomerPortal.CustomerWebsite.Pages.GeneratePriceList.OnPost","CustomerPortal.CustomerWebsite.Pages.GeneratePriceList.OnPost","StackExchange.Redis.IDatabase.StreamAdd"
"CustomerPortal.CustomerWebsite.Pages.GeneratePriceList.OnPost","CustomerPortal.CustomerWebsite.Pages.GeneratePriceList.OnPost","Microsoft.AspNetCore.Mvc.RazorPages.PageModel.Page"
"CustomerPortal.CustomerWebsite.Pages.GeneratePriceList.OnPost","CustomerPortal.CustomerWebsite.Pages.GeneratePriceList.OnPost","Microsoft.AspNetCore.Mvc.RazorPages.PageModel.RedirectToPage"
"CustomerPortal.CustomerWebsite.Pages.GeneratePriceList.OnPost","CustomerPortal.CustomerWebsite.Pages.GeneratePriceList.OnPost","System.Guid.CreateVersion7"
"CustomerPortal.CustomerWebsite.Pages.GeneratePriceList.OnPost","CustomerPortal.CustomerWebsite.Pages.GeneratePriceList.OnPost","System.Text.Json.JsonSerializer.Serialize<GenerateCustomerPriceListCommand>"
"CustomerPortal.CustomerWebsite.Pages.GeneratePriceList.OnPost","CustomerPortal.CustomerWebsite.Models.UserPageModel.GetCurrentUser","Microsoft.Extensions.Logging.LoggerExtensions.LogWarning"
"CustomerPortal.CustomerWebsite.Pages.GeneratePriceList.OnPost","CustomerPortal.CustomerWebsite.Models.UserPageModel.GetCurrentUser","System.Security.Claims.ClaimsPrincipal.FindFirst"
"CustomerPortal.CustomerWebsite.Pages.GeneratePriceList.OnPost","CustomerPortal.CustomerWebsite.Models.UserPageModel.GetCurrentUser","System.Net.Http.Json.HttpClientJsonExtensions.GetFromJsonAsync<UserResponseDto>"
"CustomerPortal.CustomerWebsite.Pages.GenericFiles.OnGet","CustomerPortal.CustomerWebsite.Pages.GenericFiles.OnGet","Minio.ApiEndpoints.IBucketOperations.ListObjectsEnumAsync"
"CustomerPortal.CustomerWebsite.Pages.GenericFiles.OnGet","CustomerPortal.CustomerWebsite.Pages.GenericFiles.OnGet","Minio.DataModel.Args.ListObjectsArgs.WithPrefix"
"CustomerPortal.CustomerWebsite.Pages.GenericFiles.OnGet","CustomerPortal.CustomerWebsite.Pages.GenericFiles.OnGet","Minio.DataModel.Args.ListObjectsArgs.WithRecursive"
"CustomerPortal.CustomerWebsite.Pages.GenericFiles.OnGet","CustomerPortal.CustomerWebsite.Pages.GenericFiles.OnGet","Minio.DataModel.Args.BucketArgs<Minio.DataModel.Args.ListObjectsArgs>.WithBucket"
"CustomerPortal.CustomerWebsite.Pages.GenericFiles.OnGet","CustomerPortal.CustomerWebsite.Pages.GenericFiles.OnGet","Microsoft.AspNetCore.Mvc.RazorPages.PageModel.Page"
"CustomerPortal.CustomerWebsite.Pages.GenericFiles.OnGet","CustomerPortal.CustomerWebsite.Pages.GenericFiles.OnGet","Microsoft.AspNetCore.Mvc.RazorPages.PageModel.RedirectToPage"
"CustomerPortal.CustomerWebsite.Pages.GenericFiles.OnGet","CustomerPortal.CustomerWebsite.Pages.GenericFiles.OnGet","System.Linq.AsyncEnumerable.Where<Item>"
"CustomerPortal.CustomerWebsite.Pages.GenericFiles.OnGet","CustomerPortal.CustomerWebsite.Pages.GenericFiles.OnGet","System.Linq.AsyncEnumerable.Select<Item,String>"
"CustomerPortal.CustomerWebsite.Pages.GenericFiles.OnGet","CustomerPortal.CustomerWebsite.Pages.GenericFiles.OnGet","System.Linq.AsyncEnumerable.ToListAsync<String>"
"CustomerPortal.CustomerWebsite.Pages.GenericFiles.OnGet","CustomerPortal.CustomerWebsite.Pages.GenericFiles.OnGet","System.Linq.Enumerable.Select<String,String>"
"CustomerPortal.CustomerWebsite.Pages.GenericFiles.OnGet","CustomerPortal.CustomerWebsite.Pages.GenericFiles.OnGet","System.Linq.Enumerable.Where<String>"
"CustomerPortal.CustomerWebsite.Pages.GenericFiles.OnGet","CustomerPortal.CustomerWebsite.Models.UserPageModel.GetCurrentUser","Microsoft.Extensions.Logging.LoggerExtensions.LogWarning"
"CustomerPortal.CustomerWebsite.Pages.GenericFiles.OnGet","CustomerPortal.CustomerWebsite.Models.UserPageModel.GetCurrentUser","System.Security.Claims.ClaimsPrincipal.FindFirst"
"CustomerPortal.CustomerWebsite.Pages.GenericFiles.OnGet","CustomerPortal.CustomerWebsite.Models.UserPageModel.GetCurrentUser","System.Net.Http.Json.HttpClientJsonExtensions.GetFromJsonAsync<UserResponseDto>"
"CustomerPortal.CustomerWebsite.Pages.GenericFiles.OnPostDownloadAsync","CustomerPortal.CustomerWebsite.Pages.GenericFiles.OnPostDownloadAsync","Microsoft.Extensions.Logging.LoggerExtensions.LogInformation"
"CustomerPortal.CustomerWebsite.Pages.GenericFiles.OnPostDownloadAsync","CustomerPortal.CustomerWebsite.Pages.GenericFiles.OnPostDownloadAsync","Minio.ApiEndpoints.IObjectOperations.GetObjectAsync"
"CustomerPortal.CustomerWebsite.Pages.GenericFiles.OnPostDownloadAsync","CustomerPortal.CustomerWebsite.Pages.GenericFiles.OnPostDownloadAsync","Minio.DataModel.Args.GetObjectArgs.WithCallbackStream"
"CustomerPortal.CustomerWebsite.Pages.GenericFiles.OnPostDownloadAsync","CustomerPortal.CustomerWebsite.Pages.GenericFiles.OnPostDownloadAsync","Minio.DataModel.Args.ObjectArgs<Minio.DataModel.Args.GetObjectArgs>.WithObject"
"CustomerPortal.CustomerWebsite.Pages.GenericFiles.OnPostDownloadAsync","CustomerPortal.CustomerWebsite.Pages.GenericFiles.OnPostDownloadAsync","Minio.DataModel.Args.BucketArgs<Minio.DataModel.Args.GetObjectArgs>.WithBucket"
"CustomerPortal.CustomerWebsite.Pages.GenericFiles.OnPostDownloadAsync","CustomerPortal.CustomerWebsite.Pages.GenericFiles.OnPostDownloadAsync","Microsoft.AspNetCore.Mvc.RazorPages.PageModel.RedirectToPage"
"CustomerPortal.CustomerWebsite.Pages.GenericFiles.OnPostDownloadAsync","CustomerPortal.CustomerWebsite.Pages.GenericFiles.OnPostDownloadAsync","System.IO.Path.GetFileName"
"CustomerPortal.CustomerWebsite.Pages.GenericFiles.OnPostDownloadAsync","CustomerPortal.CustomerWebsite.Pages.GenericFiles.OnPostDownloadAsync","Microsoft.AspNetCore.Mvc.RazorPages.PageModel.File"
"CustomerPortal.CustomerWebsite.Pages.GenericFiles.OnPostDownloadAsync","CustomerPortal.CustomerWebsite.Pages.GenericFiles.OnPostDownloadAsync","System.IO.Stream.CopyTo"
"CustomerPortal.CustomerWebsite.Pages.GenericFiles.OnPostDownloadAsync","CustomerPortal.CustomerWebsite.Models.UserPageModel.GetCurrentUser","Microsoft.Extensions.Logging.LoggerExtensions.LogWarning"
"CustomerPortal.CustomerWebsite.Pages.GenericFiles.OnPostDownloadAsync","CustomerPortal.CustomerWebsite.Models.UserPageModel.GetCurrentUser","System.Security.Claims.ClaimsPrincipal.FindFirst"
"CustomerPortal.CustomerWebsite.Pages.GenericFiles.OnPostDownloadAsync","CustomerPortal.CustomerWebsite.Models.UserPageModel.GetCurrentUser","System.Net.Http.Json.HttpClientJsonExtensions.GetFromJsonAsync<UserResponseDto>"
"CustomerPortal.CustomerWebsite.Pages.Index.OnGet","CustomerPortal.CustomerWebsite.Pages.Index.OnGet","Microsoft.AspNetCore.Mvc.RazorPages.PageModel.RedirectToPage"
"CustomerPortal.CustomerWebsite.Pages.Login.OnPostAsync","CustomerPortal.CustomerWebsite.Pages.Login.OnPostAsync","Microsoft.AspNetCore.Mvc.RazorPages.PageModel.Page"
"CustomerPortal.CustomerWebsite.Pages.Login.OnPostAsync","CustomerPortal.CustomerWebsite.Pages.Login.OnPostAsync","Microsoft.AspNetCore.Mvc.RazorPages.PageModel.RedirectToPage"
"CustomerPortal.CustomerWebsite.Pages.Login.OnPostAsync","CustomerPortal.CustomerWebsite.Pages.Login.OnPostAsync","System.Text.Encoding.GetBytes"
"CustomerPortal.CustomerWebsite.Pages.Login.OnPostAsync","CustomerPortal.CustomerWebsite.Pages.Login.OnPostAsync","System.Convert.ToBase64String"
"CustomerPortal.CustomerWebsite.Pages.Login.OnPostAsync","CustomerPortal.CustomerWebsite.Pages.Login.OnPostAsync","Microsoft.AspNetCore.Mvc.ModelBinding.ModelStateDictionary.AddModelError"
"CustomerPortal.CustomerWebsite.Pages.Login.OnPostAsync","CustomerPortal.CustomerWebsite.Pages.Login.OnPostAsync","System.Net.Http.Json.HttpClientJsonExtensions.PostAsJsonAsync<InputModel>"
"CustomerPortal.CustomerWebsite.Pages.Login.OnPostAsync","CustomerPortal.CustomerWebsite.Pages.Login.OnPostAsync","System.Collections.Generic.List<System.Security.Claims.Claim>.Add"
"CustomerPortal.CustomerWebsite.Pages.Login.OnPostAsync","CustomerPortal.CustomerWebsite.Pages.Login.OnPostAsync","System.Net.Http.Json.HttpContentJsonExtensions.ReadFromJsonAsync<TokenResponseDto>"
"CustomerPortal.CustomerWebsite.Pages.Login.OnPostAsync","CustomerPortal.CustomerWebsite.Pages.Login.OnPostAsync","Microsoft.AspNetCore.Authentication.AuthenticationHttpContextExtensions.SignInAsync"
"CustomerPortal.CustomerWebsite.Pages.Login.OnPostAsync","CustomerPortal.Extensions.HttpContentExtensions.ReadFromJsonSafeAsync`1","System.Net.Http.HttpContent.ReadAsStringAsync"
"CustomerPortal.CustomerWebsite.Pages.Login.OnPostAsync","CustomerPortal.Extensions.HttpContentExtensions.ReadFromJsonSafeAsync`1","System.String.IsNullOrWhiteSpace"
"CustomerPortal.CustomerWebsite.Pages.Login.OnPostAsync","CustomerPortal.Extensions.HttpContentExtensions.ReadFromJsonSafeAsync`1","System.Text.Json.JsonSerializer.Deserialize<T>"
"CustomerPortal.CustomerWebsite.Pages.PriceLists.OnGet","CustomerPortal.CustomerWebsite.Pages.PriceLists.OnGet","Microsoft.AspNetCore.Mvc.RazorPages.PageModel.Page"
"CustomerPortal.CustomerWebsite.Pages.PriceLists.OnGet","CustomerPortal.CustomerWebsite.Pages.PriceLists.OnGet","Microsoft.AspNetCore.Mvc.RazorPages.PageModel.RedirectToPage"
"CustomerPortal.CustomerWebsite.Pages.PriceLists.OnGet","CustomerPortal.CustomerWebsite.Pages.PriceLists.OnGet","System.Linq.Enumerable.OrderByDescending<TaskStatusChange,DateTimeOffset>"
"CustomerPortal.CustomerWebsite.Pages.PriceLists.OnGet","CustomerPortal.CustomerWebsite.Pages.PriceLists.OnGet","System.Linq.Enumerable.Select<TaskStatusChange,String>"
"CustomerPortal.CustomerWebsite.Pages.PriceLists.OnGet","CustomerPortal.CustomerWebsite.Pages.PriceLists.OnGet","System.Linq.Enumerable.Select<TaskStatus,TaskViewModel>"
"CustomerPortal.CustomerWebsite.Pages.PriceLists.OnGet","CustomerPortal.CustomerWebsite.Pages.PriceLists.OnGet","System.Linq.Enumerable.OrderByDescending<TaskViewModel,DateTimeOffset>"
"CustomerPortal.CustomerWebsite.Pages.PriceLists.OnGet","CustomerPortal.CustomerWebsite.Pages.PriceLists.OnGet","System.Linq.Enumerable.OrderBy<TaskStatusChange,DateTimeOffset>"
"CustomerPortal.CustomerWebsite.Pages.PriceLists.OnGet","CustomerPortal.CustomerWebsite.Pages.PriceLists.OnGet","System.Linq.Enumerable.First<TaskStatusChange>"
"CustomerPortal.CustomerWebsite.Pages.PriceLists.OnGet","CustomerPortal.CustomerWebsite.Pages.PriceLists.OnGet","System.Linq.ImmutableArrayExtensions.Where<TaskStatusChange>"
"CustomerPortal.CustomerWebsite.Pages.PriceLists.OnGet","CustomerPortal.CustomerWebsite.Pages.PriceLists.OnGet","System.Linq.Enumerable.FirstOrDefault<String>"
"CustomerPortal.CustomerWebsite.Pages.PriceLists.OnGet","CustomerPortal.CustomerWebsite.Pages.PriceLists.OnGet","System.String.IsNullOrEmpty"
"CustomerPortal.CustomerWebsite.Pages.PriceLists.OnGet","CustomerPortal.CustomerWebsite.Models.UserPageModel.GetCurrentUser","Microsoft.Extensions.Logging.LoggerExtensions.LogWarning"
"CustomerPortal.CustomerWebsite.Pages.PriceLists.OnGet","CustomerPortal.CustomerWebsite.Models.UserPageModel.GetCurrentUser","System.Security.Claims.ClaimsPrincipal.FindFirst"
"CustomerPortal.CustomerWebsite.Pages.PriceLists.OnGet","CustomerPortal.CustomerWebsite.Models.UserPageModel.GetCurrentUser","System.Net.Http.Json.HttpClientJsonExtensions.GetFromJsonAsync<UserResponseDto>"
"CustomerPortal.CustomerWebsite.Pages.PriceLists.OnGet","CustomerPortal.CustomerWebsite.Pages.PriceLists.GetUserTasks","StackExchange.Redis.ConnectionMultiplexer.GetDatabase"
"CustomerPortal.CustomerWebsite.Pages.PriceLists.OnGet","CustomerPortal.CustomerWebsite.Pages.PriceLists.GetUserTasks","StackExchange.Redis.IConnectionMultiplexer.GetDatabase"
"CustomerPortal.CustomerWebsite.Pages.PriceLists.OnGet","CustomerPortal.CustomerWebsite.Pages.PriceLists.GetUserTasks","StackExchange.Redis.IDatabaseAsync.StreamReadAsync"
"CustomerPortal.CustomerWebsite.Pages.PriceLists.OnGet","CustomerPortal.CustomerWebsite.Pages.PriceLists.GetUserTasks","System.Guid.TryParse"
"CustomerPortal.CustomerWebsite.Pages.PriceLists.OnGet","CustomerPortal.CustomerWebsite.Pages.PriceLists.GetUserTasks","System.Collections.Immutable.ImmutableArray<CustomerPortal.CustomerWebsite.Pages.PriceLists+TaskStatusChange>.Add"
"CustomerPortal.CustomerWebsite.Pages.PriceLists.OnGet","CustomerPortal.CustomerWebsite.Pages.PriceLists.GetUserTasks","System.Collections.Generic.CollectionExtensions.GetValueOrDefault<Guid,TaskStatus>"
"CustomerPortal.CustomerWebsite.Pages.PriceLists.OnGet","CustomerPortal.CustomerWebsite.Pages.PriceLists.MapFromCustomerPriceListGenerationStartedEvent","System.DateTimeOffset.Parse"
"CustomerPortal.CustomerWebsite.Pages.PriceLists.OnGet","CustomerPortal.CustomerWebsite.Pages.PriceLists.MapFromCustomerPriceListGenerationStartedEvent","System.Text.Json.JsonSerializer.Deserialize<CustomerPriceListGenerationStartedEvent>"
"CustomerPortal.CustomerWebsite.Pages.PriceLists.OnGet","CustomerPortal.CustomerWebsite.Pages.PriceLists.MapFromCustomerPriceListGeneratedEvent","System.DateTimeOffset.Parse"
"CustomerPortal.CustomerWebsite.Pages.PriceLists.OnGet","CustomerPortal.CustomerWebsite.Pages.PriceLists.MapFromCustomerPriceListGeneratedEvent","System.Text.Json.JsonSerializer.Deserialize<CustomerPriceListGeneratedEvent>"
"CustomerPortal.CustomerWebsite.Pages.PriceLists.OnPostDownload","CustomerPortal.CustomerWebsite.Pages.PriceLists.OnPostDownload","Microsoft.Extensions.Logging.LoggerExtensions.LogInformation"
"CustomerPortal.CustomerWebsite.Pages.PriceLists.OnPostDownload","CustomerPortal.CustomerWebsite.Pages.PriceLists.OnPostDownload","Minio.ApiEndpoints.IObjectOperations.GetObjectAsync"
"CustomerPortal.CustomerWebsite.Pages.PriceLists.OnPostDownload","CustomerPortal.CustomerWebsite.Pages.PriceLists.OnPostDownload","Minio.DataModel.Args.GetObjectArgs.WithCallbackStream"
"CustomerPortal.CustomerWebsite.Pages.PriceLists.OnPostDownload","CustomerPortal.CustomerWebsite.Pages.PriceLists.OnPostDownload","Minio.DataModel.Args.ObjectArgs<Minio.DataModel.Args.GetObjectArgs>.WithObject"
"CustomerPortal.CustomerWebsite.Pages.PriceLists.OnPostDownload","CustomerPortal.CustomerWebsite.Pages.PriceLists.OnPostDownload","Minio.DataModel.Args.BucketArgs<Minio.DataModel.Args.GetObjectArgs>.WithBucket"
"CustomerPortal.CustomerWebsite.Pages.PriceLists.OnPostDownload","CustomerPortal.CustomerWebsite.Pages.PriceLists.OnPostDownload","Microsoft.AspNetCore.Mvc.RazorPages.PageModel.RedirectToPage"
"CustomerPortal.CustomerWebsite.Pages.PriceLists.OnPostDownload","CustomerPortal.CustomerWebsite.Pages.PriceLists.OnPostDownload","System.IO.Path.GetFileName"
"CustomerPortal.CustomerWebsite.Pages.PriceLists.OnPostDownload","CustomerPortal.CustomerWebsite.Pages.PriceLists.OnPostDownload","Microsoft.AspNetCore.Mvc.RazorPages.PageModel.File"
"CustomerPortal.CustomerWebsite.Pages.PriceLists.OnPostDownload","CustomerPortal.CustomerWebsite.Pages.PriceLists.OnPostDownload","System.IO.Stream.CopyTo"
"CustomerPortal.CustomerWebsite.Pages.PriceLists.OnPostDownload","CustomerPortal.CustomerWebsite.Pages.PriceLists.OnPostDownload","System.Linq.Enumerable.OrderByDescending<TaskStatusChange,DateTimeOffset>"
"CustomerPortal.CustomerWebsite.Pages.PriceLists.OnPostDownload","CustomerPortal.CustomerWebsite.Pages.PriceLists.OnPostDownload","System.Linq.Enumerable.Last<TaskStatusChange>"
"CustomerPortal.CustomerWebsite.Pages.PriceLists.OnPostDownload","CustomerPortal.CustomerWebsite.Models.UserPageModel.GetCurrentUser","Microsoft.Extensions.Logging.LoggerExtensions.LogWarning"
"CustomerPortal.CustomerWebsite.Pages.PriceLists.OnPostDownload","CustomerPortal.CustomerWebsite.Models.UserPageModel.GetCurrentUser","System.Security.Claims.ClaimsPrincipal.FindFirst"
"CustomerPortal.CustomerWebsite.Pages.PriceLists.OnPostDownload","CustomerPortal.CustomerWebsite.Models.UserPageModel.GetCurrentUser","System.Net.Http.Json.HttpClientJsonExtensions.GetFromJsonAsync<UserResponseDto>"
"CustomerPortal.CustomerWebsite.Pages.PriceLists.OnPostDownload","CustomerPortal.CustomerWebsite.Pages.PriceLists.GetUserTasks","StackExchange.Redis.ConnectionMultiplexer.GetDatabase"
"CustomerPortal.CustomerWebsite.Pages.PriceLists.OnPostDownload","CustomerPortal.CustomerWebsite.Pages.PriceLists.GetUserTasks","StackExchange.Redis.IConnectionMultiplexer.GetDatabase"
"CustomerPortal.CustomerWebsite.Pages.PriceLists.OnPostDownload","CustomerPortal.CustomerWebsite.Pages.PriceLists.GetUserTasks","StackExchange.Redis.IDatabaseAsync.StreamReadAsync"
"CustomerPortal.CustomerWebsite.Pages.PriceLists.OnPostDownload","CustomerPortal.CustomerWebsite.Pages.PriceLists.GetUserTasks","System.Guid.TryParse"
"CustomerPortal.CustomerWebsite.Pages.PriceLists.OnPostDownload","CustomerPortal.CustomerWebsite.Pages.PriceLists.GetUserTasks","System.Collections.Immutable.ImmutableArray<CustomerPortal.CustomerWebsite.Pages.PriceLists+TaskStatusChange>.Add"
"CustomerPortal.CustomerWebsite.Pages.PriceLists.OnPostDownload","CustomerPortal.CustomerWebsite.Pages.PriceLists.GetUserTasks","System.Collections.Generic.CollectionExtensions.GetValueOrDefault<Guid,TaskStatus>"
"CustomerPortal.CustomerWebsite.Pages.PriceLists.OnPostDownload","CustomerPortal.CustomerWebsite.Pages.PriceLists.MapFromCustomerPriceListGenerationStartedEvent","System.DateTimeOffset.Parse"
"CustomerPortal.CustomerWebsite.Pages.PriceLists.OnPostDownload","CustomerPortal.CustomerWebsite.Pages.PriceLists.MapFromCustomerPriceListGenerationStartedEvent","System.Text.Json.JsonSerializer.Deserialize<CustomerPriceListGenerationStartedEvent>"
"CustomerPortal.CustomerWebsite.Pages.PriceLists.OnPostDownload","CustomerPortal.CustomerWebsite.Pages.PriceLists.MapFromCustomerPriceListGeneratedEvent","System.DateTimeOffset.Parse"
"CustomerPortal.CustomerWebsite.Pages.PriceLists.OnPostDownload","CustomerPortal.CustomerWebsite.Pages.PriceLists.MapFromCustomerPriceListGeneratedEvent","System.Text.Json.JsonSerializer.Deserialize<CustomerPriceListGeneratedEvent>"
"CustomerPortal.CustomerWebsite.Pages.RegisterModel.OnPostAsync","CustomerPortal.CustomerWebsite.Pages.RegisterModel.OnPostAsync","Microsoft.AspNetCore.Mvc.RazorPages.PageModel.Page"
"CustomerPortal.CustomerWebsite.Pages.RegisterModel.OnPostAsync","CustomerPortal.CustomerWebsite.Pages.RegisterModel.OnPostAsync","Microsoft.AspNetCore.Mvc.ModelBinding.ModelStateDictionary.AddModelError"
"CustomerPortal.CustomerWebsite.Pages.RegisterModel.OnPostAsync","CustomerPortal.CustomerWebsite.Pages.RegisterModel.OnPostAsync","System.Net.Http.Json.HttpClientJsonExtensions.PostAsJsonAsync<InputModel>"
"CustomerPortal.CustomerWebsite.Pages.RegisterModel.OnPostAsync","CustomerPortal.Extensions.HttpContentExtensions.ReadFromJsonSafeAsync`1","System.Net.Http.HttpContent.ReadAsStringAsync"
"CustomerPortal.CustomerWebsite.Pages.RegisterModel.OnPostAsync","CustomerPortal.Extensions.HttpContentExtensions.ReadFromJsonSafeAsync`1","System.String.IsNullOrWhiteSpace"
"CustomerPortal.CustomerWebsite.Pages.RegisterModel.OnPostAsync","CustomerPortal.Extensions.HttpContentExtensions.ReadFromJsonSafeAsync`1","System.Text.Json.JsonSerializer.Deserialize<T>"
"CustomerPortal.CustomerWebsite.Program.Main","CustomerPortal.CustomerWebsite.Program.Main","Minio.MinioClientExtensions.WithEndpoint"
"CustomerPortal.CustomerWebsite.Program.Main","CustomerPortal.CustomerWebsite.Program.Main","Minio.MinioClientExtensions.WithCredentials"
"CustomerPortal.CustomerWebsite.Program.Main","CustomerPortal.CustomerWebsite.Program.Main","Minio.MinioClientExtensions.WithSSL"
"CustomerPortal.CustomerWebsite.Program.Main","CustomerPortal.CustomerWebsite.Program.Main","Minio.ServiceCollectionExtensions.AddMinio"
"CustomerPortal.CustomerWebsite.Program.Main","CustomerPortal.CustomerWebsite.Program.Main","StackExchange.Redis.ConnectionMultiplexer.Connect"
"CustomerPortal.CustomerWebsite.Program.Main","CustomerPortal.CustomerWebsite.Program.Main","Microsoft.AspNetCore.Builder.WebApplication.CreateBuilder"
"CustomerPortal.CustomerWebsite.Program.Main","CustomerPortal.CustomerWebsite.Program.Main","Microsoft.Extensions.DependencyInjection.ServiceCollectionServiceExtensions.AddSingleton<RedisConfig>"
"CustomerPortal.CustomerWebsite.Program.Main","CustomerPortal.CustomerWebsite.Program.Main","Microsoft.Extensions.DependencyInjection.ServiceCollectionServiceExtensions.AddSingleton<MinioAppConfig>"
"CustomerPortal.CustomerWebsite.Program.Main","CustomerPortal.CustomerWebsite.Program.Main","Microsoft.AspNetCore.Builder.WebApplicationBuilder.Build"
"CustomerPortal.CustomerWebsite.Program.Main","CustomerPortal.CustomerWebsite.Program.Main","Microsoft.AspNetCore.Builder.WebApplication.RunAsync"
"CustomerPortal.CustomerWebsite.Program.Main","CustomerPortal.CustomerWebsite.Program.Main","System.TimeSpan.FromMinutes"
"CustomerPortal.CustomerWebsite.Program.Main","CustomerPortal.CustomerWebsite.Program.Main","Microsoft.Extensions.DependencyInjection.ServiceCollectionServiceExtensions.AddSingleton<IConnectionMultiplexer>"
"CustomerPortal.CustomerWebsite.Program.Main","CustomerPortal.CustomerWebsite.Program.Main","Microsoft.Extensions.DependencyInjection.HttpClientFactoryServiceCollectionExtensions.AddHttpClient"
"CustomerPortal.CustomerWebsite.Program.Main","CustomerPortal.CustomerWebsite.Program.Main","Microsoft.Extensions.DependencyInjection.AuthenticationServiceCollectionExtensions.AddAuthentication"
"CustomerPortal.CustomerWebsite.Program.Main","CustomerPortal.CustomerWebsite.Program.Main","Microsoft.Extensions.DependencyInjection.CookieExtensions.AddCookie"
"CustomerPortal.CustomerWebsite.Program.Main","CustomerPortal.CustomerWebsite.Program.Main","Microsoft.Extensions.DependencyInjection.MvcServiceCollectionExtensions.AddRazorPages"
"CustomerPortal.CustomerWebsite.Program.Main","CustomerPortal.CustomerWebsite.Program.Main","Microsoft.AspNetCore.Builder.EndpointRoutingApplicationBuilderExtensions.UseRouting"
"CustomerPortal.CustomerWebsite.Program.Main","CustomerPortal.CustomerWebsite.Program.Main","Microsoft.AspNetCore.Builder.AuthAppBuilderExtensions.UseAuthentication"
"CustomerPortal.CustomerWebsite.Program.Main","CustomerPortal.CustomerWebsite.Program.Main","Microsoft.AspNetCore.Builder.AuthorizationAppBuilderExtensions.UseAuthorization"
"CustomerPortal.CustomerWebsite.Program.Main","CustomerPortal.CustomerWebsite.Program.Main","Microsoft.AspNetCore.Builder.StaticAssetsEndpointRouteBuilderExtensions.MapStaticAssets"
"CustomerPortal.CustomerWebsite.Program.Main","CustomerPortal.CustomerWebsite.Program.Main","Microsoft.AspNetCore.Builder.RazorPagesEndpointRouteBuilderExtensions.MapRazorPages"
"CustomerPortal.CustomerWebsite.Program.Main","CustomerPortal.CustomerWebsite.Program.Main","Microsoft.AspNetCore.Builder.PageActionEndpointConventionBuilderResourceCollectionExtensions.WithStaticAssets"
"CustomerPortal.CustomerWebsite.Program.Main","CustomerPortal.Extensions.ConfigurationExtensions.GetValueOrThrow`1","Microsoft.Extensions.Configuration.ConfigurationBinder.GetValue<T>"
"CustomerPortal.InternalWebsite.Pages.Index.OnGet","CustomerPortal.InternalWebsite.Pages.Index.OnGet","Microsoft.AspNetCore.Mvc.RazorPages.PageModel.RedirectToPage"
"CustomerPortal.InternalWebsite.Pages.Login.OnPostAsync","CustomerPortal.InternalWebsite.Pages.Login.OnPostAsync","Microsoft.AspNetCore.Mvc.RazorPages.PageModel.Page"
"CustomerPortal.InternalWebsite.Pages.Login.OnPostAsync","CustomerPortal.InternalWebsite.Pages.Login.OnPostAsync","Microsoft.AspNetCore.Mvc.RazorPages.PageModel.RedirectToPage"
"CustomerPortal.InternalWebsite.Pages.Login.OnPostAsync","CustomerPortal.InternalWebsite.Pages.Login.OnPostAsync","System.Text.Encoding.GetBytes"
"CustomerPortal.InternalWebsite.Pages.Login.OnPostAsync","CustomerPortal.InternalWebsite.Pages.Login.OnPostAsync","System.Convert.ToBase64String"
"CustomerPortal.InternalWebsite.Pages.Login.OnPostAsync","CustomerPortal.InternalWebsite.Pages.Login.OnPostAsync","Microsoft.AspNetCore.Mvc.ModelBinding.ModelStateDictionary.AddModelError"
"CustomerPortal.InternalWebsite.Pages.Login.OnPostAsync","CustomerPortal.InternalWebsite.Pages.Login.OnPostAsync","System.Net.Http.Json.HttpClientJsonExtensions.PostAsJsonAsync<InputModel>"
"CustomerPortal.InternalWebsite.Pages.Login.OnPostAsync","CustomerPortal.InternalWebsite.Pages.Login.OnPostAsync","System.Collections.Generic.List<System.Security.Claims.Claim>.Add"
"CustomerPortal.InternalWebsite.Pages.Login.OnPostAsync","CustomerPortal.InternalWebsite.Pages.Login.OnPostAsync","System.Net.Http.Json.HttpContentJsonExtensions.ReadFromJsonAsync<TokenResponseDto>"
"CustomerPortal.InternalWebsite.Pages.Login.OnPostAsync","CustomerPortal.InternalWebsite.Pages.Login.OnPostAsync","Microsoft.AspNetCore.Authentication.AuthenticationHttpContextExtensions.SignInAsync"
"CustomerPortal.InternalWebsite.Pages.Login.OnPostAsync","CustomerPortal.InternalWebsite.Pages.Login.OnPostAsync","System.String.Equals"
"CustomerPortal.InternalWebsite.Pages.Login.OnPostAsync","CustomerPortal.Extensions.HttpContentExtensions.ReadFromJsonSafeAsync`1","System.Net.Http.HttpContent.ReadAsStringAsync"
"CustomerPortal.InternalWebsite.Pages.Login.OnPostAsync","CustomerPortal.Extensions.HttpContentExtensions.ReadFromJsonSafeAsync`1","System.String.IsNullOrWhiteSpace"
"CustomerPortal.InternalWebsite.Pages.Login.OnPostAsync","CustomerPortal.Extensions.HttpContentExtensions.ReadFromJsonSafeAsync`1","System.Text.Json.JsonSerializer.Deserialize<T>"
"CustomerPortal.InternalWebsite.Pages.Login.OnPostAsync","CustomerPortal.InternalWebsite.Models.UserPageModel.GetCurrentUser","Microsoft.Extensions.Logging.LoggerExtensions.LogWarning"
"CustomerPortal.InternalWebsite.Pages.Login.OnPostAsync","CustomerPortal.InternalWebsite.Models.UserPageModel.GetCurrentUser","System.Net.Http.Json.HttpClientJsonExtensions.GetFromJsonAsync<UserResponseDto>"
"CustomerPortal.InternalWebsite.Pages.RegisterModel.OnPostAsync","CustomerPortal.InternalWebsite.Pages.RegisterModel.OnPostAsync","Microsoft.AspNetCore.Mvc.RazorPages.PageModel.Page"
"CustomerPortal.InternalWebsite.Pages.RegisterModel.OnPostAsync","CustomerPortal.InternalWebsite.Pages.RegisterModel.OnPostAsync","Microsoft.AspNetCore.Mvc.ModelBinding.ModelStateDictionary.AddModelError"
"CustomerPortal.InternalWebsite.Pages.RegisterModel.OnPostAsync","CustomerPortal.InternalWebsite.Pages.RegisterModel.OnPostAsync","System.Net.Http.Json.HttpClientJsonExtensions.PostAsJsonAsync<InputModel>"
"CustomerPortal.InternalWebsite.Pages.RegisterModel.OnPostAsync","CustomerPortal.Extensions.HttpContentExtensions.ReadFromJsonSafeAsync`1","System.Net.Http.HttpContent.ReadAsStringAsync"
"CustomerPortal.InternalWebsite.Pages.RegisterModel.OnPostAsync","CustomerPortal.Extensions.HttpContentExtensions.ReadFromJsonSafeAsync`1","System.String.IsNullOrWhiteSpace"
"CustomerPortal.InternalWebsite.Pages.RegisterModel.OnPostAsync","CustomerPortal.Extensions.HttpContentExtensions.ReadFromJsonSafeAsync`1","System.Text.Json.JsonSerializer.Deserialize<T>"
"CustomerPortal.InternalWebsite.Pages.UnapprovedUsers.OnPostApproveAsync","CustomerPortal.InternalWebsite.Pages.UnapprovedUsers.OnPostApproveAsync","Microsoft.AspNetCore.Mvc.RazorPages.PageModel.RedirectToPage"
"CustomerPortal.InternalWebsite.Pages.UnapprovedUsers.OnPostApproveAsync","CustomerPortal.InternalWebsite.Pages.UnapprovedUsers.OnPostApproveAsync","Microsoft.AspNetCore.Mvc.ModelBinding.ModelStateDictionary.AddModelError"
"CustomerPortal.InternalWebsite.Pages.UnapprovedUsers.OnPostApproveAsync","CustomerPortal.InternalWebsite.Pages.UnapprovedUsers.OnPostApproveAsync","System.Net.Http.Json.HttpClientJsonExtensions.PostAsJsonAsync<<>__AnonType1<Int32>>"
"CustomerPortal.InternalWebsite.Pages.UnapprovedUsers.OnPostApproveAsync","CustomerPortal.InternalWebsite.Pages.UnapprovedUsers.OnGetAsync","System.Security.Claims.ClaimsPrincipal.FindFirst"
"CustomerPortal.InternalWebsite.Pages.UnapprovedUsers.OnPostApproveAsync","CustomerPortal.InternalWebsite.Pages.UnapprovedUsers.OnGetAsync","Microsoft.AspNetCore.Mvc.RazorPages.PageModel.Page"
"CustomerPortal.InternalWebsite.Pages.UnapprovedUsers.OnPostApproveAsync","CustomerPortal.InternalWebsite.Pages.UnapprovedUsers.OnGetAsync","Microsoft.AspNetCore.Mvc.RazorPages.PageModel.RedirectToPage"
"CustomerPortal.InternalWebsite.Pages.UnapprovedUsers.OnPostApproveAsync","CustomerPortal.InternalWebsite.Pages.UnapprovedUsers.OnGetAsync","System.Net.Http.HttpContent.ReadAsStringAsync"
"CustomerPortal.InternalWebsite.Pages.UnapprovedUsers.OnPostApproveAsync","CustomerPortal.InternalWebsite.Pages.UnapprovedUsers.OnGetAsync","System.Net.Http.HttpClient.GetAsync"
"CustomerPortal.InternalWebsite.Pages.UnapprovedUsers.OnPostApproveAsync","CustomerPortal.InternalWebsite.Pages.UnapprovedUsers.OnGetAsync","System.Text.Json.JsonSerializer.Deserialize<ImmutableArray<UserResponseDto>>"
"CustomerPortal.InternalWebsite.Pages.UnapprovedUsers.OnPostApproveAsync","CustomerPortal.InternalWebsite.Pages.UnapprovedUsers.OnGetAsync","System.Text.Json.JsonSerializer.Deserialize<ProblemDetails>"
"CustomerPortal.InternalWebsite.Pages.UploadCustomerFile.OnPostAsync","CustomerPortal.InternalWebsite.Pages.UploadCustomerFile.OnPostAsync","Microsoft.Extensions.Logging.LoggerExtensions.LogInformation"
"CustomerPortal.InternalWebsite.Pages.UploadCustomerFile.OnPostAsync","CustomerPortal.InternalWebsite.Pages.UploadCustomerFile.OnPostAsync","Minio.ApiEndpoints.IObjectOperations.PutObjectAsync"
"CustomerPortal.InternalWebsite.Pages.UploadCustomerFile.OnPostAsync","CustomerPortal.InternalWebsite.Pages.UploadCustomerFile.OnPostAsync","Minio.DataModel.Args.PutObjectArgs.WithObjectSize"
"CustomerPortal.InternalWebsite.Pages.UploadCustomerFile.OnPostAsync","CustomerPortal.InternalWebsite.Pages.UploadCustomerFile.OnPostAsync","Minio.DataModel.Args.PutObjectArgs.WithStreamData"
"CustomerPortal.InternalWebsite.Pages.UploadCustomerFile.OnPostAsync","CustomerPortal.InternalWebsite.Pages.UploadCustomerFile.OnPostAsync","Minio.DataModel.Args.BucketArgs<Minio.DataModel.Args.PutObjectArgs>.WithBucket"
"CustomerPortal.InternalWebsite.Pages.UploadCustomerFile.OnPostAsync","CustomerPortal.InternalWebsite.Pages.UploadCustomerFile.OnPostAsync","Minio.DataModel.Args.ObjectWriteArgs<Minio.DataModel.Args.PutObjectArgs>.WithContentType"
"CustomerPortal.InternalWebsite.Pages.UploadCustomerFile.OnPostAsync","CustomerPortal.InternalWebsite.Pages.UploadCustomerFile.OnPostAsync","Minio.DataModel.Args.ObjectArgs<Minio.DataModel.Args.PutObjectArgs>.WithObject"
"CustomerPortal.InternalWebsite.Pages.UploadCustomerFile.OnPostAsync","CustomerPortal.InternalWebsite.Pages.UploadCustomerFile.OnPostAsync","Microsoft.AspNetCore.Mvc.RazorPages.PageModel.Page"
"CustomerPortal.InternalWebsite.Pages.UploadCustomerFile.OnPostAsync","CustomerPortal.InternalWebsite.Pages.UploadCustomerFile.OnPostAsync","Microsoft.AspNetCore.Mvc.RazorPages.PageModel.RedirectToPage"
"CustomerPortal.InternalWebsite.Pages.UploadCustomerFile.OnPostAsync","CustomerPortal.InternalWebsite.Pages.UploadCustomerFile.OnPostAsync","System.IO.Path.GetFileName"
"CustomerPortal.InternalWebsite.Pages.UploadCustomerFile.OnPostAsync","CustomerPortal.InternalWebsite.Pages.UploadCustomerFile.OnPostAsync","Microsoft.AspNetCore.Mvc.ModelBinding.ModelStateDictionary.AddModelError"
"CustomerPortal.InternalWebsite.Pages.UploadCustomerFile.OnPostAsync","CustomerPortal.InternalWebsite.Pages.UploadCustomerFile.OnPostAsync","Microsoft.AspNetCore.Http.IFormFile.OpenReadStream"
"CustomerPortal.InternalWebsite.Pages.UploadCustomerFile.OnPostAsync","CustomerPortal.InternalWebsite.Pages.UploadCustomerFile.OnPostAsync","Microsoft.AspNetCore.Http.FormFile.OpenReadStream"
"CustomerPortal.InternalWebsite.Pages.UploadCustomerFile.OnPostAsync","CustomerPortal.InternalWebsite.Models.UserPageModel.GetCurrentUser","Microsoft.Extensions.Logging.LoggerExtensions.LogWarning"
"CustomerPortal.InternalWebsite.Pages.UploadCustomerFile.OnPostAsync","CustomerPortal.InternalWebsite.Models.UserPageModel.GetCurrentUser","System.Security.Claims.ClaimsPrincipal.FindFirst"
"CustomerPortal.InternalWebsite.Pages.UploadCustomerFile.OnPostAsync","CustomerPortal.InternalWebsite.Models.UserPageModel.GetCurrentUser","System.Net.Http.Json.HttpClientJsonExtensions.GetFromJsonAsync<UserResponseDto>"
"CustomerPortal.InternalWebsite.Pages.Users.OnPostDeactivateAsync","CustomerPortal.InternalWebsite.Pages.Users.OnPostDeactivateAsync","Microsoft.AspNetCore.Mvc.RazorPages.PageModel.RedirectToPage"
"CustomerPortal.InternalWebsite.Pages.Users.OnPostDeactivateAsync","CustomerPortal.InternalWebsite.Pages.Users.OnPostDeactivateAsync","Microsoft.AspNetCore.Mvc.ModelBinding.ModelStateDictionary.AddModelError"
"CustomerPortal.InternalWebsite.Pages.Users.OnPostDeactivateAsync","CustomerPortal.InternalWebsite.Pages.Users.OnPostDeactivateAsync","System.Net.Http.Json.HttpClientJsonExtensions.PatchAsJsonAsync<<>__AnonType0<>>"
"CustomerPortal.InternalWebsite.Pages.Users.OnPostDeactivateAsync","CustomerPortal.InternalWebsite.Pages.Users.OnGet","System.Security.Claims.ClaimsPrincipal.FindFirst"
"CustomerPortal.InternalWebsite.Pages.Users.OnPostDeactivateAsync","CustomerPortal.InternalWebsite.Pages.Users.OnGet","Microsoft.AspNetCore.Mvc.RazorPages.PageModel.Page"
"CustomerPortal.InternalWebsite.Pages.Users.OnPostDeactivateAsync","CustomerPortal.InternalWebsite.Pages.Users.OnGet","Microsoft.AspNetCore.Mvc.RazorPages.PageModel.RedirectToPage"
"CustomerPortal.InternalWebsite.Pages.Users.OnPostDeactivateAsync","CustomerPortal.InternalWebsite.Pages.Users.OnGet","System.Net.Http.Json.HttpClientJsonExtensions.GetFromJsonAsync<ImmutableArray<UserResponseDto>>"
"CustomerPortal.InternalWebsite.Pages.Users.OnPostApproveAsync","CustomerPortal.InternalWebsite.Pages.Users.OnPostApproveAsync","Microsoft.AspNetCore.Mvc.RazorPages.PageModel.RedirectToPage"
"CustomerPortal.InternalWebsite.Pages.Users.OnPostApproveAsync","CustomerPortal.InternalWebsite.Pages.Users.OnPostApproveAsync","Microsoft.AspNetCore.Mvc.ModelBinding.ModelStateDictionary.AddModelError"
"CustomerPortal.InternalWebsite.Pages.Users.OnPostApproveAsync","CustomerPortal.InternalWebsite.Pages.Users.OnPostApproveAsync","System.Linq.ImmutableArrayExtensions.FirstOrDefault<UserResponseDto>"
"CustomerPortal.InternalWebsite.Pages.Users.OnPostApproveAsync","CustomerPortal.InternalWebsite.Pages.Users.OnPostApproveAsync","System.Net.Http.Json.HttpClientJsonExtensions.PostAsJsonAsync<<>__AnonType1<Nullable>>"
"CustomerPortal.InternalWebsite.Pages.Users.OnPostApproveAsync","CustomerPortal.InternalWebsite.Pages.Users.OnGet","System.Security.Claims.ClaimsPrincipal.FindFirst"
"CustomerPortal.InternalWebsite.Pages.Users.OnPostApproveAsync","CustomerPortal.InternalWebsite.Pages.Users.OnGet","Microsoft.AspNetCore.Mvc.RazorPages.PageModel.Page"
"CustomerPortal.InternalWebsite.Pages.Users.OnPostApproveAsync","CustomerPortal.InternalWebsite.Pages.Users.OnGet","Microsoft.AspNetCore.Mvc.RazorPages.PageModel.RedirectToPage"
"CustomerPortal.InternalWebsite.Pages.Users.OnPostApproveAsync","CustomerPortal.InternalWebsite.Pages.Users.OnGet","System.Net.Http.Json.HttpClientJsonExtensions.GetFromJsonAsync<ImmutableArray<UserResponseDto>>"
"CustomerPortal.InternalWebsite.Program.Main","CustomerPortal.InternalWebsite.Program.Main","Minio.MinioClientExtensions.WithEndpoint"
"CustomerPortal.InternalWebsite.Program.Main","CustomerPortal.InternalWebsite.Program.Main","Minio.MinioClientExtensions.WithCredentials"
"CustomerPortal.InternalWebsite.Program.Main","CustomerPortal.InternalWebsite.Program.Main","Minio.MinioClientExtensions.WithSSL"
"CustomerPortal.InternalWebsite.Program.Main","CustomerPortal.InternalWebsite.Program.Main","Minio.ServiceCollectionExtensions.AddMinio"
"CustomerPortal.InternalWebsite.Program.Main","CustomerPortal.InternalWebsite.Program.Main","Microsoft.AspNetCore.Builder.WebApplication.CreateBuilder"
"CustomerPortal.InternalWebsite.Program.Main","CustomerPortal.InternalWebsite.Program.Main","Microsoft.Extensions.DependencyInjection.ServiceCollectionServiceExtensions.AddSingleton<MinioAppConfig>"
"CustomerPortal.InternalWebsite.Program.Main","CustomerPortal.InternalWebsite.Program.Main","Microsoft.AspNetCore.Builder.WebApplicationBuilder.Build"
"CustomerPortal.InternalWebsite.Program.Main","CustomerPortal.InternalWebsite.Program.Main","Microsoft.AspNetCore.Builder.WebApplication.RunAsync"
"CustomerPortal.InternalWebsite.Program.Main","CustomerPortal.InternalWebsite.Program.Main","System.TimeSpan.FromMinutes"
"CustomerPortal.InternalWebsite.Program.Main","CustomerPortal.InternalWebsite.Program.Main","Microsoft.Extensions.DependencyInjection.HttpClientFactoryServiceCollectionExtensions.AddHttpClient"
"CustomerPortal.InternalWebsite.Program.Main","CustomerPortal.InternalWebsite.Program.Main","Microsoft.Extensions.DependencyInjection.AuthenticationServiceCollectionExtensions.AddAuthentication"
"CustomerPortal.InternalWebsite.Program.Main","CustomerPortal.InternalWebsite.Program.Main","Microsoft.Extensions.DependencyInjection.CookieExtensions.AddCookie"
"CustomerPortal.InternalWebsite.Program.Main","CustomerPortal.InternalWebsite.Program.Main","Microsoft.Extensions.DependencyInjection.MvcServiceCollectionExtensions.AddRazorPages"
"CustomerPortal.InternalWebsite.Program.Main","CustomerPortal.InternalWebsite.Program.Main","Microsoft.AspNetCore.Builder.EndpointRoutingApplicationBuilderExtensions.UseRouting"
"CustomerPortal.InternalWebsite.Program.Main","CustomerPortal.InternalWebsite.Program.Main","Microsoft.AspNetCore.Builder.AuthAppBuilderExtensions.UseAuthentication"
"CustomerPortal.InternalWebsite.Program.Main","CustomerPortal.InternalWebsite.Program.Main","Microsoft.AspNetCore.Builder.AuthorizationAppBuilderExtensions.UseAuthorization"
"CustomerPortal.InternalWebsite.Program.Main","CustomerPortal.InternalWebsite.Program.Main","Microsoft.AspNetCore.Builder.StaticAssetsEndpointRouteBuilderExtensions.MapStaticAssets"
"CustomerPortal.InternalWebsite.Program.Main","CustomerPortal.InternalWebsite.Program.Main","Microsoft.AspNetCore.Builder.RazorPagesEndpointRouteBuilderExtensions.MapRazorPages"
"CustomerPortal.InternalWebsite.Program.Main","CustomerPortal.InternalWebsite.Program.Main","Microsoft.AspNetCore.Builder.PageActionEndpointConventionBuilderResourceCollectionExtensions.WithStaticAssets"
"CustomerPortal.InternalWebsite.Program.Main","CustomerPortal.Extensions.ConfigurationExtensions.GetValueOrThrow`1","Microsoft.Extensions.Configuration.ConfigurationBinder.GetValue<T>"
"CustomerPortal.PriceListGenerationService.Program.Main","CustomerPortal.PriceListGenerationService.Program.Main","Microsoft.Extensions.Configuration.ConfigurationManager.Build"
"CustomerPortal.PriceListGenerationService.Program.Main","CustomerPortal.PriceListGenerationService.Program.Main","Microsoft.Extensions.Configuration.ConfigurationBuilder.Build"
"CustomerPortal.PriceListGenerationService.Program.Main","CustomerPortal.PriceListGenerationService.Program.Main","Microsoft.Extensions.Configuration.IConfigurationBuilder.Build"
"CustomerPortal.PriceListGenerationService.Program.Main","CustomerPortal.PriceListGenerationService.Program.Main","Microsoft.Extensions.Configuration.EnvironmentVariablesExtensions.AddEnvironmentVariables"
"CustomerPortal.PriceListGenerationService.Program.Main","CustomerPortal.PriceListGenerationService.Program.Main","Microsoft.Extensions.Configuration.JsonConfigurationExtensions.AddJsonFile"
"CustomerPortal.PriceListGenerationService.Program.Main","CustomerPortal.PriceListGenerationService.Program.Main","Microsoft.Extensions.DependencyInjection.ServiceCollectionContainerBuilderExtensions.BuildServiceProvider"
"CustomerPortal.PriceListGenerationService.Program.Main","CustomerPortal.PriceListGenerationService.Program.Main","Microsoft.Extensions.DependencyInjection.LoggingServiceCollectionExtensions.AddLogging"
"CustomerPortal.PriceListGenerationService.Program.Main","CustomerPortal.PriceListGenerationService.Program.Main","Microsoft.Extensions.Logging.ConsoleLoggerExtensions.AddConsole"
"CustomerPortal.PriceListGenerationService.Program.Main","CustomerPortal.PriceListGenerationService.Program.Main","Minio.MinioClientExtensions.WithEndpoint"
"CustomerPortal.PriceListGenerationService.Program.Main","CustomerPortal.PriceListGenerationService.Program.Main","Minio.MinioClientExtensions.WithCredentials"
"CustomerPortal.PriceListGenerationService.Program.Main","CustomerPortal.PriceListGenerationService.Program.Main","Minio.ServiceCollectionExtensions.AddMinio"
"CustomerPortal.PriceListGenerationService.Program.Main","CustomerPortal.PriceListGenerationService.Program.Main","StackExchange.Redis.ConnectionMultiplexer.ConnectAsync"
"CustomerPortal.PriceListGenerationService.Program.Main","CustomerPortal.PriceListGenerationService.Program.Main","Microsoft.Extensions.DependencyInjection.ServiceCollectionServiceExtensions.AddSingleton<RedisConfig>"
"CustomerPortal.PriceListGenerationService.Program.Main","CustomerPortal.PriceListGenerationService.Program.Main","Microsoft.Extensions.DependencyInjection.ServiceCollectionServiceExtensions.AddSingleton<MinioAppConfig>"
"CustomerPortal.PriceListGenerationService.Program.Main","CustomerPortal.PriceListGenerationService.Program.Main","Microsoft.Extensions.DependencyInjection.ServiceCollectionServiceExtensions.AddSingleton<IConnectionMultiplexer>"
"CustomerPortal.PriceListGenerationService.Program.Main","CustomerPortal.PriceListGenerationService.Program.Main","Microsoft.Extensions.DependencyInjection.ServiceCollectionServiceExtensions.AddTransient<App>"
"CustomerPortal.PriceListGenerationService.Program.Main","CustomerPortal.PriceListGenerationService.Program.Main","Microsoft.Extensions.DependencyInjection.ServiceProviderServiceExtensions.GetRequiredService<App>"
"CustomerPortal.PriceListGenerationService.Program.Main","CustomerPortal.Extensions.ConfigurationExtensions.GetValueOrThrow`1","Microsoft.Extensions.Configuration.ConfigurationBinder.GetValue<T>"
"CustomerPortal.PriceListGenerationService.Program.Main","CustomerPortal.PriceListGenerationService.App.Run","StackExchange.Redis.IDatabaseAsync.StreamAcknowledgeAsync"
"CustomerPortal.PriceListGenerationService.Program.Main","CustomerPortal.PriceListGenerationService.App.Run","StackExchange.Redis.IDatabaseAsync.StreamReadGroupAsync"
"CustomerPortal.PriceListGenerationService.Program.Main","CustomerPortal.PriceListGenerationService.App.SetupConsumer","Microsoft.Extensions.Logging.LoggerExtensions.LogInformation"
"CustomerPortal.PriceListGenerationService.Program.Main","CustomerPortal.PriceListGenerationService.App.SetupConsumer","StackExchange.Redis.ConnectionMultiplexer.GetDatabase"
"CustomerPortal.PriceListGenerationService.Program.Main","CustomerPortal.PriceListGenerationService.App.SetupConsumer","StackExchange.Redis.IConnectionMultiplexer.GetDatabase"
"CustomerPortal.PriceListGenerationService.Program.Main","CustomerPortal.PriceListGenerationService.App.SetupConsumer","StackExchange.Redis.IDatabaseAsync.KeyExistsAsync"
"CustomerPortal.PriceListGenerationService.Program.Main","CustomerPortal.PriceListGenerationService.App.SetupConsumer","StackExchange.Redis.IDatabaseAsync.StreamCreateConsumerGroupAsync"
"CustomerPortal.PriceListGenerationService.Program.Main","CustomerPortal.PriceListGenerationService.App.SetupConsumer","StackExchange.Redis.IDatabaseAsync.StreamGroupInfoAsync"
"CustomerPortal.PriceListGenerationService.Program.Main","CustomerPortal.PriceListGenerationService.App.SetupConsumer","System.String.Equals"
"CustomerPortal.PriceListGenerationService.Program.Main","CustomerPortal.PriceListGenerationService.App.SetupConsumer","System.Linq.Enumerable.Any<StreamGroupInfo>"
"CustomerPortal.PriceListGenerationService.Program.Main","CustomerPortal.PriceListGenerationService.App.ProcessMessage","Microsoft.Extensions.Logging.LoggerExtensions.LogInformation"
"CustomerPortal.PriceListGenerationService.Program.Main","CustomerPortal.PriceListGenerationService.App.ProcessMessage","Minio.ApiEndpoints.IObjectOperations.PutObjectAsync"
"CustomerPortal.PriceListGenerationService.Program.Main","CustomerPortal.PriceListGenerationService.App.ProcessMessage","Minio.DataModel.Args.PutObjectArgs.WithObjectSize"
"CustomerPortal.PriceListGenerationService.Program.Main","CustomerPortal.PriceListGenerationService.App.ProcessMessage","Minio.DataModel.Args.PutObjectArgs.WithStreamData"
"CustomerPortal.PriceListGenerationService.Program.Main","CustomerPortal.PriceListGenerationService.App.ProcessMessage","Minio.DataModel.Args.BucketArgs<Minio.DataModel.Args.PutObjectArgs>.WithBucket"
"CustomerPortal.PriceListGenerationService.Program.Main","CustomerPortal.PriceListGenerationService.App.ProcessMessage","Minio.DataModel.Args.ObjectArgs<Minio.DataModel.Args.PutObjectArgs>.WithObject"
"CustomerPortal.PriceListGenerationService.Program.Main","CustomerPortal.PriceListGenerationService.App.ProcessMessage","StackExchange.Redis.ConnectionMultiplexer.GetDatabase"
"CustomerPortal.PriceListGenerationService.Program.Main","CustomerPortal.PriceListGenerationService.App.ProcessMessage","StackExchange.Redis.IConnectionMultiplexer.GetDatabase"
"CustomerPortal.PriceListGenerationService.Program.Main","CustomerPortal.PriceListGenerationService.App.ProcessMessage","StackExchange.Redis.IDatabaseAsync.StreamAddAsync"
"CustomerPortal.PriceListGenerationService.Program.Main","CustomerPortal.PriceListGenerationService.App.ProcessMessage","System.Guid.CreateVersion7"
"CustomerPortal.PriceListGenerationService.Program.Main","CustomerPortal.PriceListGenerationService.App.ProcessMessage","System.DateTimeOffset.ToString"
"CustomerPortal.PriceListGenerationService.Program.Main","CustomerPortal.PriceListGenerationService.App.ProcessMessage","System.Threading.Tasks.Task.Delay"
"CustomerPortal.PriceListGenerationService.Program.Main","CustomerPortal.PriceListGenerationService.App.ProcessMessage","System.Diagnostics.Stopwatch.StartNew"
"CustomerPortal.PriceListGenerationService.Program.Main","CustomerPortal.PriceListGenerationService.App.ProcessMessage","System.Text.Json.JsonSerializer.Serialize<CustomerPriceListGeneratedEvent>"
"CustomerPortal.PriceListGenerationService.Program.Main","CustomerPortal.PriceListGenerationService.App.ProcessMessage","System.Text.Json.JsonSerializer.Deserialize<GenerateCustomerPriceListCommand>"
"CustomerPortal.PriceListGenerationService.Program.Main","CustomerPortal.PriceListGenerationService.App.ProcessMessage","System.Text.Json.JsonSerializer.Serialize<CustomerPriceListGenerationStartedEvent>"
"CustomerPortal.PriceListGenerationService.Program.Main","CustomerPortal.PriceListGenerationService.PriceListPdfGenerator.GeneratePdf","QuestPDF.Fluent.AlignmentExtensions.AlignRight"
"CustomerPortal.PriceListGenerationService.Program.Main","CustomerPortal.PriceListGenerationService.PriceListPdfGenerator.GeneratePdf","QuestPDF.Fluent.BorderExtensions.BorderBottom"
"CustomerPortal.PriceListGenerationService.Program.Main","CustomerPortal.PriceListGenerationService.PriceListPdfGenerator.GeneratePdf","QuestPDF.Fluent.ColumnDescriptor.Item"
"CustomerPortal.PriceListGenerationService.Program.Main","CustomerPortal.PriceListGenerationService.PriceListPdfGenerator.GeneratePdf","QuestPDF.Fluent.ColumnExtensions.Column"
"CustomerPortal.PriceListGenerationService.Program.Main","CustomerPortal.PriceListGenerationService.PriceListPdfGenerator.GeneratePdf","QuestPDF.Fluent.ConstrainedExtensions.Height"
"CustomerPortal.PriceListGenerationService.Program.Main","CustomerPortal.PriceListGenerationService.PriceListPdfGenerator.GeneratePdf","QuestPDF.Fluent.GenerateExtensions.GeneratePdf"
"CustomerPortal.PriceListGenerationService.Program.Main","CustomerPortal.PriceListGenerationService.PriceListPdfGenerator.GeneratePdf","QuestPDF.Fluent.ImageExtensions.Image"
"CustomerPortal.PriceListGenerationService.Program.Main","CustomerPortal.PriceListGenerationService.PriceListPdfGenerator.GeneratePdf","QuestPDF.Fluent.Document.Create"
"CustomerPortal.PriceListGenerationService.Program.Main","CustomerPortal.PriceListGenerationService.PriceListPdfGenerator.GeneratePdf","QuestPDF.Fluent.PaddingExtensions.Padding"
"CustomerPortal.PriceListGenerationService.Program.Main","CustomerPortal.PriceListGenerationService.PriceListPdfGenerator.GeneratePdf","QuestPDF.Fluent.PaddingExtensions.PaddingVertical"
"CustomerPortal.PriceListGenerationService.Program.Main","CustomerPortal.PriceListGenerationService.PriceListPdfGenerator.GeneratePdf","QuestPDF.Fluent.PageDescriptor.Size"
"CustomerPortal.PriceListGenerationService.Program.Main","CustomerPortal.PriceListGenerationService.PriceListPdfGenerator.GeneratePdf","QuestPDF.Fluent.PageDescriptor.Margin"
"CustomerPortal.PriceListGenerationService.Program.Main","CustomerPortal.PriceListGenerationService.PriceListPdfGenerator.GeneratePdf","QuestPDF.Fluent.PageDescriptor.Header"
"CustomerPortal.PriceListGenerationService.Program.Main","CustomerPortal.PriceListGenerationService.PriceListPdfGenerator.GeneratePdf","QuestPDF.Fluent.PageDescriptor.Content"
"CustomerPortal.PriceListGenerationService.Program.Main","CustomerPortal.PriceListGenerationService.PriceListPdfGenerator.GeneratePdf","QuestPDF.Fluent.PageDescriptor.Footer"
"CustomerPortal.PriceListGenerationService.Program.Main","CustomerPortal.PriceListGenerationService.PriceListPdfGenerator.GeneratePdf","QuestPDF.Fluent.PageExtensions.Page"
"CustomerPortal.PriceListGenerationService.Program.Main","CustomerPortal.PriceListGenerationService.PriceListPdfGenerator.GeneratePdf","QuestPDF.Fluent.RowDescriptor.RelativeItem"
"CustomerPortal.PriceListGenerationService.Program.Main","CustomerPortal.PriceListGenerationService.PriceListPdfGenerator.GeneratePdf","QuestPDF.Fluent.RowExtensions.Row"
"CustomerPortal.PriceListGenerationService.Program.Main","CustomerPortal.PriceListGenerationService.PriceListPdfGenerator.GeneratePdf","QuestPDF.Fluent.TableColumnsDefinitionDescriptor.ConstantColumn"
"CustomerPortal.PriceListGenerationService.Program.Main","CustomerPortal.PriceListGenerationService.PriceListPdfGenerator.GeneratePdf","QuestPDF.Fluent.TableColumnsDefinitionDescriptor.RelativeColumn"
"CustomerPortal.PriceListGenerationService.Program.Main","CustomerPortal.PriceListGenerationService.PriceListPdfGenerator.GeneratePdf","QuestPDF.Fluent.TableCellDescriptor.Cell"
"CustomerPortal.PriceListGenerationService.Program.Main","CustomerPortal.PriceListGenerationService.PriceListPdfGenerator.GeneratePdf","QuestPDF.Fluent.TableDescriptor.ColumnsDefinition"
"CustomerPortal.PriceListGenerationService.Program.Main","CustomerPortal.PriceListGenerationService.PriceListPdfGenerator.GeneratePdf","QuestPDF.Fluent.TableDescriptor.Header"
"CustomerPortal.PriceListGenerationService.Program.Main","CustomerPortal.PriceListGenerationService.PriceListPdfGenerator.GeneratePdf","QuestPDF.Fluent.TableDescriptor.Cell"
"CustomerPortal.PriceListGenerationService.Program.Main","CustomerPortal.PriceListGenerationService.PriceListPdfGenerator.GeneratePdf","QuestPDF.Fluent.TableExtensions.Table"
"CustomerPortal.PriceListGenerationService.Program.Main","CustomerPortal.PriceListGenerationService.PriceListPdfGenerator.GeneratePdf","QuestPDF.Fluent.TextExtensions.Text"
"CustomerPortal.PriceListGenerationService.Program.Main","CustomerPortal.PriceListGenerationService.PriceListPdfGenerator.GeneratePdf","QuestPDF.Helpers.Placeholders.Label"
"CustomerPortal.PriceListGenerationService.Program.Main","CustomerPortal.PriceListGenerationService.PriceListPdfGenerator.GeneratePdf","QuestPDF.Helpers.Placeholders.Name"
"CustomerPortal.PriceListGenerationService.Program.Main","CustomerPortal.PriceListGenerationService.PriceListPdfGenerator.GeneratePdf","System.DateOnly.ToString"
"CustomerPortal.PriceListGenerationService.Program.Main","CustomerPortal.PriceListGenerationService.PriceListPdfGenerator.GeneratePdf","QuestPDF.Fluent.TextSpanDescriptorExtensions.FontSize<TextBlockDescriptor>"
"CustomerPortal.PriceListGenerationService.Program.Main","CustomerPortal.PriceListGenerationService.PriceListPdfGenerator.GeneratePdf","QuestPDF.Fluent.TextSpanDescriptorExtensions.Bold<TextBlockDescriptor>"
"CustomerPortal.PriceListGenerationService.Program.Main","CustomerPortal.PriceListGenerationService.PriceListPdfGenerator.GeneratePdf","System.Linq.Enumerable.Range"
"CustomerPortal.PriceListGenerationService.Program.Main","CustomerPortal.PriceListGenerationService.PriceListPdfGenerator.GeneratePdf","System.Math.Round"
"CustomerPortal.PriceListGenerationService.Program.Main","CustomerPortal.PriceListGenerationService.PriceListPdfGenerator.GeneratePdf","System.Random.NextDouble"
"CustomerPortal.UserAuthService.Authentication.TokenAuthenticationHandler.HandleAuthenticateAsync","CustomerPortal.UserAuthService.Authentication.TokenAuthenticationHandler.HandleAuthenticateAsync","Microsoft.Extensions.Logging.LoggerExtensions.LogDebug"
"CustomerPortal.UserAuthService.Authentication.TokenAuthenticationHandler.HandleAuthenticateAsync","CustomerPortal.UserAuthService.Authentication.TokenAuthenticationHandler.HandleAuthenticateAsync","Microsoft.Extensions.Logging.LoggerExtensions.LogInformation"
"CustomerPortal.UserAuthService.Authentication.TokenAuthenticationHandler.HandleAuthenticateAsync","CustomerPortal.UserAuthService.Authentication.TokenAuthenticationHandler.HandleAuthenticateAsync","System.Guid.TryParse"
"CustomerPortal.UserAuthService.Authentication.TokenAuthenticationHandler.HandleAuthenticateAsync","CustomerPortal.UserAuthService.Authentication.TokenAuthenticationHandler.HandleAuthenticateAsync","Microsoft.AspNetCore.Authentication.AuthenticateResult.NoResult"
"CustomerPortal.UserAuthService.Authentication.TokenAuthenticationHandler.HandleAuthenticateAsync","CustomerPortal.UserAuthService.Authentication.TokenAuthenticationHandler.HandleAuthenticateAsync","System.String.StartsWith"
"CustomerPortal.UserAuthService.Authentication.TokenAuthenticationHandler.HandleAuthenticateAsync","CustomerPortal.UserAuthService.Authentication.TokenAuthenticationHandler.HandleAuthenticateAsync","System.Convert.FromBase64String"
"CustomerPortal.UserAuthService.Authentication.TokenAuthenticationHandler.HandleAuthenticateAsync","CustomerPortal.UserAuthService.Authentication.TokenAuthenticationHandler.HandleAuthenticateAsync","System.Text.Encoding.GetString"
"CustomerPortal.UserAuthService.Authentication.TokenAuthenticationHandler.HandleAuthenticateAsync","CustomerPortal.UserAuthService.Authentication.TokenAuthenticationHandler.HandleAuthenticateAsync","Microsoft.AspNetCore.Authentication.AuthenticateResult.Fail"
"CustomerPortal.UserAuthService.Authentication.TokenAuthenticationHandler.HandleAuthenticateAsync","CustomerPortal.UserAuthService.Authentication.TokenAuthenticationHandler.HandleAuthenticateAsync","Microsoft.AspNetCore.Authentication.AuthenticateResult.Success"
"CustomerPortal.UserAuthService.Authentication.TokenAuthenticationHandler.HandleAuthenticateAsync","CustomerPortal.UserAuthService.Authentication.TokenAuthenticationHandler.HandleAuthenticateAsync","System.Collections.Generic.IDictionary<System.String,Microsoft.Extensions.Primitives.StringValues>.TryGetValue"
"CustomerPortal.UserAuthService.Authentication.TokenAuthenticationHandler.HandleAuthenticateAsync","CustomerPortal.UserAuthService.Authentication.TokenAuthenticationHandler.HandleAuthenticateAsync","System.String.Split"
"CustomerPortal.UserAuthService.Authentication.TokenAuthenticationHandler.HandleAuthenticateAsync","CustomerPortal.UserAuthService.Domain.Aggregates.User.IsSessionValidAt","System.String.Equals"
"CustomerPortal.UserAuthService.Authentication.TokenAuthenticationHandler.HandleAuthenticateAsync","CustomerPortal.UserAuthService.Domain.Aggregates.User.IsSessionValidAt","System.Linq.Enumerable.Where<SessionToken>"
"CustomerPortal.UserAuthService.Authentication.TokenAuthenticationHandler.HandleAuthenticateAsync","CustomerPortal.UserAuthService.Domain.Aggregates.User.IsSessionValidAt","System.Linq.Enumerable.Any<SessionToken>"
"CustomerPortal.UserAuthService.Authentication.TokenAuthenticationHandler.HandleAuthenticateAsync","CustomerPortal.UserAuthService.Postgres.Repositories.DbContextUserRepository.GetById","System.Collections.Generic.List<CustomerPortal.UserAuthService.Domain.Aggregates.SessionToken>.AsReadOnly"
"CustomerPortal.UserAuthService.Authentication.TokenAuthenticationHandler.HandleAuthenticateAsync","CustomerPortal.UserAuthService.Postgres.Repositories.DbContextUserRepository.GetById","Microsoft.EntityFrameworkCore.EntityFrameworkQueryableExtensions.FirstOrDefaultAsync<User>"
"CustomerPortal.UserAuthService.Authentication.TokenAuthenticationHandler.HandleAuthenticateAsync","CustomerPortal.UserAuthService.Postgres.Repositories.DbContextUserRepository.GetById","Microsoft.EntityFrameworkCore.EntityFrameworkQueryableExtensions.Include<User,IReadOnlyList<SessionToken>>"
"CustomerPortal.UserAuthService.Controllers.UserController.GetUsers","CustomerPortal.UserAuthService.Controllers.UserController.GetUsers","System.Linq.ImmutableArrayExtensions.Select<User,UserResponseDto>"
"CustomerPortal.UserAuthService.Controllers.UserController.GetUsers","CustomerPortal.UserAuthService.Controllers.UserController.GetUsers","Microsoft.AspNetCore.Mvc.ControllerBase.Ok"
"CustomerPortal.UserAuthService.Controllers.UserController.GetUsers","CustomerPortal.UserAuthService.Postgres.Repositories.DbContextUserRepository.GetAll","System.Collections.Generic.List<CustomerPortal.UserAuthService.Domain.Aggregates.SessionToken>.AsReadOnly"
"CustomerPortal.UserAuthService.Controllers.UserController.GetUsers","CustomerPortal.UserAuthService.Postgres.Repositories.DbContextUserRepository.GetAll","Microsoft.EntityFrameworkCore.EntityFrameworkQueryableExtensions.ToListAsync<User>"
"CustomerPortal.UserAuthService.Controllers.UserController.GetUsers","CustomerPortal.UserAuthService.Postgres.Repositories.DbContextUserRepository.GetAll","Microsoft.EntityFrameworkCore.EntityFrameworkQueryableExtensions.Include<User,IReadOnlyList<SessionToken>>"
"CustomerPortal.UserAuthService.Controllers.UserController.GetUnapprovedUsers","CustomerPortal.UserAuthService.Controllers.UserController.GetUnapprovedUsers","System.Linq.ImmutableArrayExtensions.Select<User,UserResponseDto>"
"CustomerPortal.UserAuthService.Controllers.UserController.GetUnapprovedUsers","CustomerPortal.UserAuthService.Controllers.UserController.GetUnapprovedUsers","Microsoft.AspNetCore.Mvc.ControllerBase.Ok"
"CustomerPortal.UserAuthService.Controllers.UserController.GetUnapprovedUsers","CustomerPortal.UserAuthService.Postgres.Repositories.DbContextUserRepository.GetAllPendingApproval","System.Collections.Generic.List<CustomerPortal.UserAuthService.Domain.Aggregates.SessionToken>.AsReadOnly"
"CustomerPortal.UserAuthService.Controllers.UserController.GetUnapprovedUsers","CustomerPortal.UserAuthService.Postgres.Repositories.DbContextUserRepository.GetAllPendingApproval","Microsoft.EntityFrameworkCore.EntityFrameworkQueryableExtensions.ToListAsync<User>"
"CustomerPortal.UserAuthService.Controllers.UserController.GetUnapprovedUsers","CustomerPortal.UserAuthService.Postgres.Repositories.DbContextUserRepository.GetAllPendingApproval","System.Linq.Queryable.Where<User>"
"CustomerPortal.UserAuthService.Controllers.UserController.GetUnapprovedUsers","CustomerPortal.UserAuthService.Postgres.Repositories.DbContextUserRepository.GetAllPendingApproval","Microsoft.EntityFrameworkCore.EntityFrameworkQueryableExtensions.Include<User,IReadOnlyList<SessionToken>>"
"CustomerPortal.UserAuthService.Controllers.UserController.GetMe","CustomerPortal.UserAuthService.Controllers.UserController.GetMe","System.Guid.TryParse"
"CustomerPortal.UserAuthService.Controllers.UserController.GetMe","CustomerPortal.UserAuthService.Controllers.UserController.GetMe","System.Linq.Enumerable.FirstOrDefault<Claim>"
"CustomerPortal.UserAuthService.Controllers.UserController.GetMe","CustomerPortal.UserAuthService.Controllers.UserController.GetMe","Microsoft.AspNetCore.Mvc.ControllerBase.Ok"
"CustomerPortal.UserAuthService.Controllers.UserController.GetMe","CustomerPortal.UserAuthService.Postgres.Repositories.DbContextUserRepository.GetById","System.Collections.Generic.List<CustomerPortal.UserAuthService.Domain.Aggregates.SessionToken>.AsReadOnly"
"CustomerPortal.UserAuthService.Controllers.UserController.GetMe","CustomerPortal.UserAuthService.Postgres.Repositories.DbContextUserRepository.GetById","Microsoft.EntityFrameworkCore.EntityFrameworkQueryableExtensions.FirstOrDefaultAsync<User>"
"CustomerPortal.UserAuthService.Controllers.UserController.GetMe","CustomerPortal.UserAuthService.Postgres.Repositories.DbContextUserRepository.GetById","Microsoft.EntityFrameworkCore.EntityFrameworkQueryableExtensions.Include<User,IReadOnlyList<SessionToken>>"
"CustomerPortal.UserAuthService.Controllers.UserController.Get","CustomerPortal.UserAuthService.Controllers.UserController.Get","Microsoft.AspNetCore.Mvc.ControllerBase.NotFound"
"CustomerPortal.UserAuthService.Controllers.UserController.Get","CustomerPortal.UserAuthService.Controllers.UserController.Get","Microsoft.AspNetCore.Mvc.ControllerBase.Ok"
"CustomerPortal.UserAuthService.Controllers.UserController.Get","CustomerPortal.UserAuthService.Postgres.Repositories.DbContextUserRepository.GetById","System.Collections.Generic.List<CustomerPortal.UserAuthService.Domain.Aggregates.SessionToken>.AsReadOnly"
"CustomerPortal.UserAuthService.Controllers.UserController.Get","CustomerPortal.UserAuthService.Postgres.Repositories.DbContextUserRepository.GetById","Microsoft.EntityFrameworkCore.EntityFrameworkQueryableExtensions.FirstOrDefaultAsync<User>"
"CustomerPortal.UserAuthService.Controllers.UserController.Get","CustomerPortal.UserAuthService.Postgres.Repositories.DbContextUserRepository.GetById","Microsoft.EntityFrameworkCore.EntityFrameworkQueryableExtensions.Include<User,IReadOnlyList<SessionToken>>"
"CustomerPortal.UserAuthService.Controllers.UserController.Register","CustomerPortal.UserAuthService.Controllers.UserController.Register","Microsoft.AspNetCore.Mvc.ControllerBase.CreatedAtAction"
"CustomerPortal.UserAuthService.Controllers.UserController.Register","CustomerPortal.UserAuthService.Domain.Factories.UserFactory.Create","System.Guid.CreateVersion7"
"CustomerPortal.UserAuthService.Controllers.UserController.Register","CustomerPortal.UserAuthService.Domain.Services.EmailAddressValidationService.EnsureIsValid","System.ComponentModel.DataAnnotations.EmailAddressAttribute.IsValid"
"CustomerPortal.UserAuthService.Controllers.UserController.Register","CustomerPortal.UserAuthService.Domain.Services.PasswordService.HashPassword","Microsoft.AspNetCore.Identity.IPasswordHasher<System.String>.HashPassword"
"CustomerPortal.UserAuthService.Controllers.UserController.Register","CustomerPortal.UserAuthService.Domain.Services.RegisterUserService.RegisterExternal","System.Collections.Immutable.ImmutableArray<CustomerPortal.UserAuthService.Domain.Aggregates.UserRole>.Contains"
"CustomerPortal.UserAuthService.Controllers.UserController.Register","CustomerPortal.UserAuthService.Postgres.Repositories.DbContextUserRepository.GetByEmail","System.Collections.Generic.List<CustomerPortal.UserAuthService.Domain.Aggregates.SessionToken>.AsReadOnly"
"CustomerPortal.UserAuthService.Controllers.UserController.Register","CustomerPortal.UserAuthService.Postgres.Repositories.DbContextUserRepository.GetByEmail","Microsoft.EntityFrameworkCore.EntityFrameworkQueryableExtensions.FirstOrDefaultAsync<User>"
"CustomerPortal.UserAuthService.Controllers.UserController.Register","CustomerPortal.UserAuthService.Postgres.Repositories.DbContextUserRepository.GetByEmail","Microsoft.EntityFrameworkCore.EntityFrameworkQueryableExtensions.Include<User,IReadOnlyList<SessionToken>>"
"CustomerPortal.UserAuthService.Controllers.UserController.Register","CustomerPortal.UserAuthService.Postgres.Repositories.DbContextUserRepository.Add","Microsoft.EntityFrameworkCore.DbContext.SaveChangesAsync"
"CustomerPortal.UserAuthService.Controllers.UserController.Register","CustomerPortal.UserAuthService.Postgres.Repositories.DbContextUserRepository.Add","Microsoft.EntityFrameworkCore.DbSet<CustomerPortal.UserAuthService.Domain.Aggregates.User>.Add"
"CustomerPortal.UserAuthService.Controllers.UserController.RegisterCustomer","CustomerPortal.UserAuthService.Controllers.UserController.RegisterCustomer","Microsoft.AspNetCore.Mvc.ControllerBase.CreatedAtAction"
"CustomerPortal.UserAuthService.Controllers.UserController.RegisterCustomer","CustomerPortal.UserAuthService.Domain.Factories.UserFactory.Create","System.Guid.CreateVersion7"
"CustomerPortal.UserAuthService.Controllers.UserController.RegisterCustomer","CustomerPortal.UserAuthService.Domain.Services.EmailAddressValidationService.EnsureIsValid","System.ComponentModel.DataAnnotations.EmailAddressAttribute.IsValid"
"CustomerPortal.UserAuthService.Controllers.UserController.RegisterCustomer","CustomerPortal.UserAuthService.Domain.Services.PasswordService.HashPassword","Microsoft.AspNetCore.Identity.IPasswordHasher<System.String>.HashPassword"
"CustomerPortal.UserAuthService.Controllers.UserController.RegisterCustomer","CustomerPortal.UserAuthService.Domain.Services.RegisterUserService.RegisterExternal","System.Collections.Immutable.ImmutableArray<CustomerPortal.UserAuthService.Domain.Aggregates.UserRole>.Contains"
"CustomerPortal.UserAuthService.Controllers.UserController.RegisterCustomer","CustomerPortal.UserAuthService.Postgres.Repositories.DbContextUserRepository.GetByEmail","System.Collections.Generic.List<CustomerPortal.UserAuthService.Domain.Aggregates.SessionToken>.AsReadOnly"
"CustomerPortal.UserAuthService.Controllers.UserController.RegisterCustomer","CustomerPortal.UserAuthService.Postgres.Repositories.DbContextUserRepository.GetByEmail","Microsoft.EntityFrameworkCore.EntityFrameworkQueryableExtensions.FirstOrDefaultAsync<User>"
"CustomerPortal.UserAuthService.Controllers.UserController.RegisterCustomer","CustomerPortal.UserAuthService.Postgres.Repositories.DbContextUserRepository.GetByEmail","Microsoft.EntityFrameworkCore.EntityFrameworkQueryableExtensions.Include<User,IReadOnlyList<SessionToken>>"
"CustomerPortal.UserAuthService.Controllers.UserController.RegisterCustomer","CustomerPortal.UserAuthService.Postgres.Repositories.DbContextUserRepository.Add","Microsoft.EntityFrameworkCore.DbContext.SaveChangesAsync"
"CustomerPortal.UserAuthService.Controllers.UserController.RegisterCustomer","CustomerPortal.UserAuthService.Postgres.Repositories.DbContextUserRepository.Add","Microsoft.EntityFrameworkCore.DbSet<CustomerPortal.UserAuthService.Domain.Aggregates.User>.Add"
"CustomerPortal.UserAuthService.Controllers.UserController.Login","CustomerPortal.UserAuthService.Domain.Services.PasswordService.VerifyPassword","Microsoft.Extensions.Logging.LoggerExtensions.LogWarning"
"CustomerPortal.UserAuthService.Controllers.UserController.Login","CustomerPortal.UserAuthService.Domain.Services.PasswordService.VerifyPassword","Microsoft.AspNetCore.Identity.IPasswordHasher<System.String>.VerifyHashedPassword"
"CustomerPortal.UserAuthService.Controllers.UserController.Login","CustomerPortal.UserAuthService.Controllers.UserController.Login","Microsoft.AspNetCore.Mvc.ControllerBase.Ok"
"CustomerPortal.UserAuthService.Controllers.UserController.Login","CustomerPortal.UserAuthService.Services.TokenGenerationService.Generate","System.Convert.ToBase64String"
"CustomerPortal.UserAuthService.Controllers.UserController.Login","CustomerPortal.UserAuthService.Services.TokenGenerationService.Generate","System.Security.Cryptography.RandomNumberGenerator.GetBytes"
"CustomerPortal.UserAuthService.Controllers.UserController.Login","CustomerPortal.UserAuthService.Domain.Aggregates.User.AddSessionToken","System.Guid.CreateVersion7"
"CustomerPortal.UserAuthService.Controllers.UserController.Login","CustomerPortal.UserAuthService.Domain.Aggregates.User.AddSessionToken","System.Collections.Generic.List<CustomerPortal.UserAuthService.Domain.Aggregates.SessionToken>.Add"
"CustomerPortal.UserAuthService.Controllers.UserController.Login","CustomerPortal.UserAuthService.Domain.Services.AuthenticateUserService.Login","System.TimeProvider.GetUtcNow"
"CustomerPortal.UserAuthService.Controllers.UserController.Login","CustomerPortal.UserAuthService.Domain.Services.AuthenticateUserService.Login","System.DateTimeOffset.AddHours"
"CustomerPortal.UserAuthService.Controllers.UserController.Login","CustomerPortal.UserAuthService.Postgres.Repositories.DbContextUserRepository.GetByEmail","System.Collections.Generic.List<CustomerPortal.UserAuthService.Domain.Aggregates.SessionToken>.AsReadOnly"
"CustomerPortal.UserAuthService.Controllers.UserController.Login","CustomerPortal.UserAuthService.Postgres.Repositories.DbContextUserRepository.GetByEmail","Microsoft.EntityFrameworkCore.EntityFrameworkQueryableExtensions.FirstOrDefaultAsync<User>"
"CustomerPortal.UserAuthService.Controllers.UserController.Login","CustomerPortal.UserAuthService.Postgres.Repositories.DbContextUserRepository.GetByEmail","Microsoft.EntityFrameworkCore.EntityFrameworkQueryableExtensions.Include<User,IReadOnlyList<SessionToken>>"
"CustomerPortal.UserAuthService.Controllers.UserController.Login","CustomerPortal.UserAuthService.Postgres.Repositories.DbContextUserRepository.Save","Microsoft.EntityFrameworkCore.DbContext.SaveChangesAsync"
"CustomerPortal.UserAuthService.Controllers.UserController.Login","CustomerPortal.UserAuthService.Postgres.Repositories.DbContextUserRepository.Save","Microsoft.EntityFrameworkCore.DbSet<CustomerPortal.UserAuthService.Domain.Aggregates.User>.Entry"
"CustomerPortal.UserAuthService.Controllers.UserController.Approve","CustomerPortal.UserAuthService.Controllers.UserController.Approve","System.Guid.TryParse"
"CustomerPortal.UserAuthService.Controllers.UserController.Approve","CustomerPortal.UserAuthService.Controllers.UserController.Approve","System.Linq.Enumerable.FirstOrDefault<Claim>"
"CustomerPortal.UserAuthService.Controllers.UserController.Approve","CustomerPortal.UserAuthService.Controllers.UserController.Approve","Microsoft.AspNetCore.Mvc.ControllerBase.Ok"
"CustomerPortal.UserAuthService.Controllers.UserController.Approve","CustomerPortal.UserAuthService.Domain.Services.UserManagementService.Approve","Microsoft.Extensions.Logging.LoggerExtensions.LogInformation"
"CustomerPortal.UserAuthService.Controllers.UserController.Approve","CustomerPortal.UserAuthService.Postgres.Repositories.DbContextUserRepository.GetById","System.Collections.Generic.List<CustomerPortal.UserAuthService.Domain.Aggregates.SessionToken>.AsReadOnly"
"CustomerPortal.UserAuthService.Controllers.UserController.Approve","CustomerPortal.UserAuthService.Postgres.Repositories.DbContextUserRepository.GetById","Microsoft.EntityFrameworkCore.EntityFrameworkQueryableExtensions.FirstOrDefaultAsync<User>"
"CustomerPortal.UserAuthService.Controllers.UserController.Approve","CustomerPortal.UserAuthService.Postgres.Repositories.DbContextUserRepository.GetById","Microsoft.EntityFrameworkCore.EntityFrameworkQueryableExtensions.Include<User,IReadOnlyList<SessionToken>>"
"CustomerPortal.UserAuthService.Controllers.UserController.Approve","CustomerPortal.UserAuthService.Postgres.Repositories.DbContextUserRepository.Save","Microsoft.EntityFrameworkCore.DbContext.SaveChangesAsync"
"CustomerPortal.UserAuthService.Controllers.UserController.Approve","CustomerPortal.UserAuthService.Postgres.Repositories.DbContextUserRepository.Save","Microsoft.EntityFrameworkCore.DbSet<CustomerPortal.UserAuthService.Domain.Aggregates.User>.Entry"
"CustomerPortal.UserAuthService.Controllers.UserController.Deactivate","CustomerPortal.UserAuthService.Controllers.UserController.Deactivate","System.Guid.TryParse"
"CustomerPortal.UserAuthService.Controllers.UserController.Deactivate","CustomerPortal.UserAuthService.Controllers.UserController.Deactivate","System.Linq.Enumerable.FirstOrDefault<Claim>"
"CustomerPortal.UserAuthService.Controllers.UserController.Deactivate","CustomerPortal.UserAuthService.Controllers.UserController.Deactivate","Microsoft.AspNetCore.Mvc.ControllerBase.Ok"
"CustomerPortal.UserAuthService.Controllers.UserController.Deactivate","CustomerPortal.UserAuthService.Domain.Aggregates.User.Deactivate","System.Collections.Generic.List<CustomerPortal.UserAuthService.Domain.Aggregates.SessionToken>.Clear"
"CustomerPortal.UserAuthService.Controllers.UserController.Deactivate","CustomerPortal.UserAuthService.Domain.Services.UserManagementService.Deactivate","Microsoft.Extensions.Logging.LoggerExtensions.LogInformation"
"CustomerPortal.UserAuthService.Controllers.UserController.Deactivate","CustomerPortal.UserAuthService.Postgres.Repositories.DbContextUserRepository.GetById","System.Collections.Generic.List<CustomerPortal.UserAuthService.Domain.Aggregates.SessionToken>.AsReadOnly"
"CustomerPortal.UserAuthService.Controllers.UserController.Deactivate","CustomerPortal.UserAuthService.Postgres.Repositories.DbContextUserRepository.GetById","Microsoft.EntityFrameworkCore.EntityFrameworkQueryableExtensions.FirstOrDefaultAsync<User>"
"CustomerPortal.UserAuthService.Controllers.UserController.Deactivate","CustomerPortal.UserAuthService.Postgres.Repositories.DbContextUserRepository.GetById","Microsoft.EntityFrameworkCore.EntityFrameworkQueryableExtensions.Include<User,IReadOnlyList<SessionToken>>"
"CustomerPortal.UserAuthService.Controllers.UserController.Deactivate","CustomerPortal.UserAuthService.Postgres.Repositories.DbContextUserRepository.Save","Microsoft.EntityFrameworkCore.DbContext.SaveChangesAsync"
"CustomerPortal.UserAuthService.Controllers.UserController.Deactivate","CustomerPortal.UserAuthService.Postgres.Repositories.DbContextUserRepository.Save","Microsoft.EntityFrameworkCore.DbSet<CustomerPortal.UserAuthService.Domain.Aggregates.User>.Entry"
"CustomerPortal.UserAuthService.Program.Main","CustomerPortal.UserAuthService.Program.Main","Microsoft.AspNetCore.Builder.OpenApiEndpointRouteBuilderExtensions.MapOpenApi"
"CustomerPortal.UserAuthService.Program.Main","CustomerPortal.UserAuthService.Program.Main","Microsoft.Extensions.DependencyInjection.OpenApiServiceCollectionExtensions.AddOpenApi"
"CustomerPortal.UserAuthService.Program.Main","CustomerPortal.UserAuthService.Program.Main","Microsoft.Extensions.Configuration.ConfigurationManager.GetSection"
"CustomerPortal.UserAuthService.Program.Main","CustomerPortal.UserAuthService.Program.Main","Microsoft.Extensions.Configuration.ConfigurationBinder.Bind"
"CustomerPortal.UserAuthService.Program.Main","CustomerPortal.UserAuthService.Program.Main","Scalar.AspNetCore.ScalarEndpointRouteBuilderExtensions.MapScalarApiReference"
"CustomerPortal.UserAuthService.Program.Main","CustomerPortal.UserAuthService.Program.Main","Microsoft.AspNetCore.Builder.WebApplication.CreateBuilder"
"CustomerPortal.UserAuthService.Program.Main","CustomerPortal.UserAuthService.Program.Main","Microsoft.AspNetCore.Builder.WebApplicationBuilder.Build"
"CustomerPortal.UserAuthService.Program.Main","CustomerPortal.UserAuthService.Program.Main","Microsoft.AspNetCore.Builder.WebApplication.RunAsync"
"CustomerPortal.UserAuthService.Program.Main","CustomerPortal.UserAuthService.Program.Main","Microsoft.Extensions.DependencyInjection.AuthenticationServiceCollectionExtensions.AddAuthentication"
"CustomerPortal.UserAuthService.Program.Main","CustomerPortal.UserAuthService.Program.Main","Microsoft.AspNetCore.Builder.AuthAppBuilderExtensions.UseAuthentication"
"CustomerPortal.UserAuthService.Program.Main","CustomerPortal.UserAuthService.Program.Main","Microsoft.AspNetCore.Builder.AuthorizationAppBuilderExtensions.UseAuthorization"
"CustomerPortal.UserAuthService.Program.Main","CustomerPortal.UserAuthService.Program.Main","Microsoft.AspNetCore.Builder.AuthorizationEndpointConventionBuilderExtensions.AllowAnonymous<RouteHandlerBuilder>"
"CustomerPortal.UserAuthService.Program.Main","CustomerPortal.UserAuthService.Program.Main","Microsoft.Extensions.DependencyInjection.ServiceCollectionServiceExtensions.AddTransient<ITokenGenerationService,TokenGenerationService>"
"CustomerPortal.UserAuthService.Program.Main","CustomerPortal.UserAuthService.Program.Main","Microsoft.Extensions.DependencyInjection.ServiceCollectionServiceExtensions.AddSingleton<TimeProvider>"
"CustomerPortal.UserAuthService.Program.Main","CustomerPortal.UserAuthService.Program.Main","Microsoft.AspNetCore.Authentication.AuthenticationBuilder.AddScheme<TokenAuthSchemeOptions,TokenAuthenticationHandler>"
"CustomerPortal.UserAuthService.Program.Main","CustomerPortal.UserAuthService.Program.Main","Microsoft.AspNetCore.Authorization.AuthorizationPolicyBuilder.RequireClaim"
"CustomerPortal.UserAuthService.Program.Main","CustomerPortal.UserAuthService.Program.Main","Microsoft.AspNetCore.Authorization.AuthorizationPolicyBuilder.Build"
"CustomerPortal.UserAuthService.Program.Main","CustomerPortal.UserAuthService.Program.Main","Microsoft.AspNetCore.Authorization.AuthorizationOptions.AddPolicy"
"CustomerPortal.UserAuthService.Program.Main","CustomerPortal.UserAuthService.Program.Main","Microsoft.Extensions.DependencyInjection.ServiceCollectionServiceExtensions.AddTransient<IPasswordHasher<String>,PasswordHasher<String>>"
"CustomerPortal.UserAuthService.Program.Main","CustomerPortal.UserAuthService.Program.Main","Microsoft.AspNetCore.Builder.AuthorizationEndpointConventionBuilderExtensions.AllowAnonymous<IEndpointConventionBuilder>"
"CustomerPortal.UserAuthService.Program.Main","CustomerPortal.UserAuthService.Program.Main","System.Collections.Generic.ICollection<System.Text.Json.Serialization.JsonConverter>.Add"
"CustomerPortal.UserAuthService.Program.Main","CustomerPortal.UserAuthService.Program.Main","Microsoft.Extensions.DependencyInjection.PolicyServiceCollectionExtensions.AddAuthorization"
"CustomerPortal.UserAuthService.Program.Main","CustomerPortal.UserAuthService.Program.Main","Microsoft.Extensions.DependencyInjection.ProblemDetailsServiceCollectionExtensions.AddProblemDetails"
"CustomerPortal.UserAuthService.Program.Main","CustomerPortal.UserAuthService.Program.Main","Microsoft.Extensions.DependencyInjection.MvcServiceCollectionExtensions.AddControllers"
"CustomerPortal.UserAuthService.Program.Main","CustomerPortal.UserAuthService.Program.Main","Microsoft.Extensions.DependencyInjection.MvcCoreMvcBuilderExtensions.AddJsonOptions"
"CustomerPortal.UserAuthService.Program.Main","CustomerPortal.UserAuthService.Program.Main","Microsoft.AspNetCore.Builder.EndpointRouteBuilderExtensions.MapGet"
"CustomerPortal.UserAuthService.Program.Main","CustomerPortal.UserAuthService.Program.Main","Microsoft.AspNetCore.Builder.ExceptionHandlerExtensions.UseExceptionHandler"
"CustomerPortal.UserAuthService.Program.Main","CustomerPortal.UserAuthService.Program.Main","Microsoft.AspNetCore.Builder.StatusCodePagesExtensions.UseStatusCodePages"
"CustomerPortal.UserAuthService.Program.Main","CustomerPortal.UserAuthService.Program.Main","Microsoft.AspNetCore.Builder.ControllerEndpointRouteBuilderExtensions.MapControllers"
"CustomerPortal.UserAuthService.Program.Main","CustomerPortal.UserAuthService.Program.Main","Microsoft.AspNetCore.Http.Results.LocalRedirect"
"CustomerPortal.UserAuthService.Program.Main","CustomerPortal.UserAuthService.Postgres.Extensions.ServiceCollectionExtensions.InitializeUserAuthServicePostgres","Microsoft.EntityFrameworkCore.RelationalDatabaseFacadeExtensions.MigrateAsync"
"CustomerPortal.UserAuthService.Program.Main","CustomerPortal.UserAuthService.Postgres.Extensions.ServiceCollectionExtensions.InitializeUserAuthServicePostgres","Microsoft.Extensions.DependencyInjection.ServiceProviderServiceExtensions.CreateScope"
"CustomerPortal.UserAuthService.Program.Main","CustomerPortal.UserAuthService.Postgres.Extensions.ServiceCollectionExtensions.InitializeUserAuthServicePostgres","Microsoft.Extensions.DependencyInjection.ServiceProviderServiceExtensions.GetRequiredService<UserAuthContext>"
"CustomerPortal.UserAuthService.Program.Main","CustomerPortal.UserAuthService.Domain.Extensions.ServiceCollectionExtensions.InitializeUserAuthService","Microsoft.Extensions.DependencyInjection.ServiceProviderServiceExtensions.CreateAsyncScope"
"CustomerPortal.UserAuthService.Program.Main","CustomerPortal.UserAuthService.Domain.Extensions.ServiceCollectionExtensions.InitializeUserAuthService","Microsoft.Extensions.DependencyInjection.ServiceProviderServiceExtensions.GetRequiredService<ISuperAdminSetupService>"
"CustomerPortal.UserAuthService.Program.Main","CustomerPortal.UserAuthService.Domain.Extensions.ServiceCollectionExtensions.InitializeUserAuthService","Microsoft.Extensions.DependencyInjection.ServiceProviderServiceExtensions.GetRequiredService<IOptions<AdminCredentialOptions>>"
"CustomerPortal.UserAuthService.Program.Main","CustomerPortal.UserAuthService.Postgres.Extensions.ServiceCollectionExtensions.AddUserAuthServicePostgres","Microsoft.EntityFrameworkCore.NpgsqlDbContextOptionsBuilderExtensions.UseNpgsql"
"CustomerPortal.UserAuthService.Program.Main","CustomerPortal.UserAuthService.Postgres.Extensions.ServiceCollectionExtensions.AddUserAuthServicePostgres","Microsoft.Extensions.DependencyInjection.OptionsServiceCollectionExtensions.Configure<PostgresOptions>"
"CustomerPortal.UserAuthService.Program.Main","CustomerPortal.UserAuthService.Postgres.Extensions.ServiceCollectionExtensions.AddUserAuthServicePostgres","Microsoft.Extensions.DependencyInjection.ServiceProviderServiceExtensions.GetRequiredService<IOptions<PostgresOptions>>"
"CustomerPortal.UserAuthService.Program.Main","CustomerPortal.UserAuthService.Postgres.Extensions.ServiceCollectionExtensions.AddUserAuthServicePostgres","Microsoft.Extensions.DependencyInjection.EntityFrameworkServiceCollectionExtensions.AddDbContextPool<UserAuthContext>"
"CustomerPortal.UserAuthService.Program.Main","CustomerPortal.UserAuthService.Postgres.Extensions.ServiceCollectionExtensions.AddUserAuthServicePostgres","Microsoft.Extensions.DependencyInjection.ServiceCollectionServiceExtensions.AddTransient<IUserRepository,DbContextUserRepository>"
"CustomerPortal.UserAuthService.Program.Main","CustomerPortal.UserAuthService.Domain.Extensions.ServiceCollectionExtensions.AddUserAuthService","Microsoft.Extensions.DependencyInjection.OptionsServiceCollectionExtensions.Configure<AdminCredentialOptions>"
"CustomerPortal.UserAuthService.Program.Main","CustomerPortal.UserAuthService.Domain.Extensions.ServiceCollectionExtensions.AddUserAuthService","Microsoft.Extensions.DependencyInjection.ServiceCollectionServiceExtensions.AddTransient<IEmailAddressValidationService,EmailAddressValidationService>"
"CustomerPortal.UserAuthService.Program.Main","CustomerPortal.UserAuthService.Domain.Extensions.ServiceCollectionExtensions.AddUserAuthService","Microsoft.Extensions.DependencyInjection.ServiceCollectionServiceExtensions.AddTransient<IPasswordService,PasswordService>"
"CustomerPortal.UserAuthService.Program.Main","CustomerPortal.UserAuthService.Domain.Extensions.ServiceCollectionExtensions.AddUserAuthService","Microsoft.Extensions.DependencyInjection.ServiceCollectionServiceExtensions.AddTransient<IRegisterUserService,RegisterUserService>"
"CustomerPortal.UserAuthService.Program.Main","CustomerPortal.UserAuthService.Domain.Extensions.ServiceCollectionExtensions.AddUserAuthService","Microsoft.Extensions.DependencyInjection.ServiceCollectionServiceExtensions.AddTransient<IUserFactory,UserFactory>"
"CustomerPortal.UserAuthService.Program.Main","CustomerPortal.UserAuthService.Domain.Extensions.ServiceCollectionExtensions.AddUserAuthService","Microsoft.Extensions.DependencyInjection.ServiceCollectionServiceExtensions.AddTransient<IAuthenticateUserService,AuthenticateUserService>"
"CustomerPortal.UserAuthService.Program.Main","CustomerPortal.UserAuthService.Domain.Extensions.ServiceCollectionExtensions.AddUserAuthService","Microsoft.Extensions.DependencyInjection.ServiceCollectionServiceExtensions.AddTransient<IUserManagementService,UserManagementService>"
"CustomerPortal.UserAuthService.Program.Main","CustomerPortal.UserAuthService.Domain.Extensions.ServiceCollectionExtensions.AddUserAuthService","Microsoft.Extensions.DependencyInjection.ServiceCollectionServiceExtensions.AddTransient<ISuperAdminSetupService,SuperAdminSetupService>"
"CustomerPortal.UserAuthService.Program.Main","CustomerPortal.UserAuthService.Domain.Factories.UserFactory.Create","System.Guid.CreateVersion7"
"CustomerPortal.UserAuthService.Program.Main","CustomerPortal.UserAuthService.Domain.Services.EmailAddressValidationService.EnsureIsValid","System.ComponentModel.DataAnnotations.EmailAddressAttribute.IsValid"
"CustomerPortal.UserAuthService.Program.Main","CustomerPortal.UserAuthService.Domain.Services.PasswordService.HashPassword","Microsoft.AspNetCore.Identity.IPasswordHasher<System.String>.HashPassword"
"CustomerPortal.UserAuthService.Program.Main","CustomerPortal.UserAuthService.Domain.Services.SuperAdminSetupService.SetupSuperAdmin","Microsoft.Extensions.Logging.LoggerExtensions.LogInformation"
"CustomerPortal.UserAuthService.Program.Main","CustomerPortal.UserAuthService.Postgres.Repositories.DbContextUserRepository.GetByRole","System.Collections.Generic.List<CustomerPortal.UserAuthService.Domain.Aggregates.SessionToken>.AsReadOnly"
"CustomerPortal.UserAuthService.Program.Main","CustomerPortal.UserAuthService.Postgres.Repositories.DbContextUserRepository.GetByRole","Microsoft.EntityFrameworkCore.EntityFrameworkQueryableExtensions.ToListAsync<User>"
"CustomerPortal.UserAuthService.Program.Main","CustomerPortal.UserAuthService.Postgres.Repositories.DbContextUserRepository.GetByRole","System.Linq.Queryable.Where<User>"
"CustomerPortal.UserAuthService.Program.Main","CustomerPortal.UserAuthService.Postgres.Repositories.DbContextUserRepository.GetByRole","Microsoft.EntityFrameworkCore.EntityFrameworkQueryableExtensions.Include<User,IReadOnlyList<SessionToken>>"
"CustomerPortal.UserAuthService.Program.Main","CustomerPortal.UserAuthService.Postgres.Repositories.DbContextUserRepository.GetByEmail","System.Collections.Generic.List<CustomerPortal.UserAuthService.Domain.Aggregates.SessionToken>.AsReadOnly"
"CustomerPortal.UserAuthService.Program.Main","CustomerPortal.UserAuthService.Postgres.Repositories.DbContextUserRepository.GetByEmail","Microsoft.EntityFrameworkCore.EntityFrameworkQueryableExtensions.FirstOrDefaultAsync<User>"
"CustomerPortal.UserAuthService.Program.Main","CustomerPortal.UserAuthService.Postgres.Repositories.DbContextUserRepository.GetByEmail","Microsoft.EntityFrameworkCore.EntityFrameworkQueryableExtensions.Include<User,IReadOnlyList<SessionToken>>"
"CustomerPortal.UserAuthService.Program.Main","CustomerPortal.UserAuthService.Postgres.Repositories.DbContextUserRepository.Add","Microsoft.EntityFrameworkCore.DbContext.SaveChangesAsync"
"CustomerPortal.UserAuthService.Program.Main","CustomerPortal.UserAuthService.Postgres.Repositories.DbContextUserRepository.Add","Microsoft.EntityFrameworkCore.DbSet<CustomerPortal.UserAuthService.Domain.Aggregates.User>.Add"
"CustomerPortal.UserAuthService.Program.Main","CustomerPortal.UserAuthService.Postgres.Repositories.DbContextUserRepository.Save","Microsoft.EntityFrameworkCore.DbContext.SaveChangesAsync"
"CustomerPortal.UserAuthService.Program.Main","CustomerPortal.UserAuthService.Postgres.Repositories.DbContextUserRepository.Save","Microsoft.EntityFrameworkCore.DbSet<CustomerPortal.UserAuthService.Domain.Aggregates.User>.Entry"
"CustomerPortal.UserAuthService.Program.Main","CustomerPortal.UserAuthService.Postgres.Repositories.DbContextUserRepository.Delete","Microsoft.EntityFrameworkCore.DbContext.SaveChangesAsync"
"CustomerPortal.UserAuthService.Program.Main","CustomerPortal.UserAuthService.Postgres.Repositories.DbContextUserRepository.Delete","Microsoft.EntityFrameworkCore.DbSet<CustomerPortal.UserAuthService.Domain.Aggregates.User>.FindAsync"
"CustomerPortal.UserAuthService.Program.Main","CustomerPortal.UserAuthService.Postgres.Repositories.DbContextUserRepository.Delete","Microsoft.EntityFrameworkCore.DbSet<CustomerPortal.UserAuthService.Domain.Aggregates.User>.Remove"
"CustomerPortal.UserAuthService.Postgres.EntityConfigurations.SessionTokenEntityTypeConfiguration.Configure","CustomerPortal.UserAuthService.Postgres.EntityConfigurations.SessionTokenEntityTypeConfiguration.Configure","Microsoft.EntityFrameworkCore.Metadata.Builders.EntityTypeBuilder<CustomerPortal.UserAuthService.Domain.Aggregates.SessionToken>.Property<Guid>"
"CustomerPortal.UserAuthService.Postgres.EntityConfigurations.SessionTokenEntityTypeConfiguration.Configure","CustomerPortal.UserAuthService.Postgres.EntityConfigurations.SessionTokenEntityTypeConfiguration.Configure","Microsoft.EntityFrameworkCore.Metadata.Builders.PropertyBuilder<System.Guid>.ValueGeneratedNever"
"CustomerPortal.UserAuthService.Postgres.EntityConfigurations.UserEntityTypeConfiguration.Configure","CustomerPortal.UserAuthService.Postgres.EntityConfigurations.UserEntityTypeConfiguration.Configure","Microsoft.EntityFrameworkCore.Metadata.Builders.PropertyBuilder<System.Guid>.ValueGeneratedNever"
"CustomerPortal.UserAuthService.Postgres.EntityConfigurations.UserEntityTypeConfiguration.Configure","CustomerPortal.UserAuthService.Postgres.EntityConfigurations.UserEntityTypeConfiguration.Configure","Microsoft.EntityFrameworkCore.Metadata.Builders.EntityTypeBuilder<CustomerPortal.UserAuthService.Domain.Aggregates.User>.Property<String>"
"CustomerPortal.UserAuthService.Postgres.EntityConfigurations.UserEntityTypeConfiguration.Configure","CustomerPortal.UserAuthService.Postgres.EntityConfigurations.UserEntityTypeConfiguration.Configure","Microsoft.EntityFrameworkCore.Metadata.Builders.EntityTypeBuilder<CustomerPortal.UserAuthService.Domain.Aggregates.User>.Property<UserState>"
"CustomerPortal.UserAuthService.Postgres.EntityConfigurations.UserEntityTypeConfiguration.Configure","CustomerPortal.UserAuthService.Postgres.EntityConfigurations.UserEntityTypeConfiguration.Configure","Microsoft.EntityFrameworkCore.Metadata.Builders.EntityTypeBuilder<CustomerPortal.UserAuthService.Domain.Aggregates.User>.Property<Guid>"
"CustomerPortal.UserAuthService.Postgres.EntityConfigurations.UserEntityTypeConfiguration.Configure","CustomerPortal.UserAuthService.Postgres.EntityConfigurations.UserEntityTypeConfiguration.Configure","Microsoft.EntityFrameworkCore.RelationalPropertyBuilderExtensions.UseCollation<String>"
"CustomerPortal.UserAuthService.Postgres.EntityConfigurations.UserEntityTypeConfiguration.Configure","CustomerPortal.UserAuthService.Postgres.EntityConfigurations.UserEntityTypeConfiguration.Configure","Microsoft.EntityFrameworkCore.Metadata.Builders.EntityTypeBuilder<CustomerPortal.UserAuthService.Domain.Aggregates.User>.HasIndex"
"CustomerPortal.UserAuthService.Postgres.EntityConfigurations.UserEntityTypeConfiguration.Configure","CustomerPortal.UserAuthService.Postgres.EntityConfigurations.UserEntityTypeConfiguration.Configure","Microsoft.EntityFrameworkCore.Metadata.Builders.IndexBuilder<CustomerPortal.UserAuthService.Domain.Aggregates.User>.IsUnique"
"CustomerPortal.UserAuthService.Postgres.EntityConfigurations.UserEntityTypeConfiguration.Configure","CustomerPortal.UserAuthService.Postgres.EntityConfigurations.UserEntityTypeConfiguration.Configure","Microsoft.EntityFrameworkCore.Metadata.Builders.PropertyBuilder<CustomerPortal.UserAuthService.Domain.Aggregates.UserState>.HasConversion<String>"
"CustomerPortal.UserAuthService.Postgres.Migrations.AddCollation.Down","CustomerPortal.UserAuthService.Postgres.Migrations.AddCollation.Down","Microsoft.EntityFrameworkCore.Migrations.MigrationBuilder.Sql"
"CustomerPortal.UserAuthService.Postgres.Migrations.AddCollation.Up","CustomerPortal.UserAuthService.Postgres.Migrations.AddCollation.Up","Microsoft.EntityFrameworkCore.Migrations.MigrationBuilder.Sql"
"CustomerPortal.UserAuthService.Postgres.Migrations.AddUser.Down","CustomerPortal.UserAuthService.Postgres.Migrations.AddUser.Down","Microsoft.EntityFrameworkCore.Migrations.MigrationBuilder.DropTable"
"CustomerPortal.UserAuthService.Postgres.Migrations.AddUser.Up","CustomerPortal.UserAuthService.Postgres.Migrations.AddUser.Up","Microsoft.EntityFrameworkCore.Migrations.MigrationBuilder.CreateIndex"
"CustomerPortal.UserAuthService.Postgres.Migrations.AddUser.Up","CustomerPortal.UserAuthService.Postgres.Migrations.AddUser.Up","Microsoft.EntityFrameworkCore.Migrations.MigrationBuilder.CreateTable<<>__AnonType0<OperationBuilder,OperationBuilder,OperationBuilder,OperationBuilder>>"
"CustomerPortal.UserAuthService.Postgres.Migrations.AddUser.Up","CustomerPortal.UserAuthService.Postgres.Migrations.AddUser.Up","Microsoft.EntityFrameworkCore.Migrations.Operations.Builders.CreateTableBuilder<<>__AnonType0<OperationBuilder,OperationBuilder,OperationBuilder,OperationBuilder,OperationBuilder,OperationBuilder>>.PrimaryKey"
"CustomerPortal.UserAuthService.Postgres.Migrations.AddUser.Up","CustomerPortal.UserAuthService.Postgres.Migrations.AddUser.Up","Microsoft.EntityFrameworkCore.Migrations.Operations.Builders.ColumnsBuilder.Column<String>"
"CustomerPortal.UserAuthService.Postgres.Migrations.AddUser.Up","CustomerPortal.UserAuthService.Postgres.Migrations.AddUser.Up","Microsoft.EntityFrameworkCore.Migrations.Operations.Builders.ColumnsBuilder.Column<Boolean>"
"CustomerPortal.UserAuthService.Postgres.Migrations.AddUser.Up","CustomerPortal.UserAuthService.Postgres.Migrations.AddUser.Up","Microsoft.EntityFrameworkCore.Migrations.MigrationBuilder.CreateTable<<>__AnonType0<OperationBuilder,OperationBuilder,OperationBuilder,OperationBuilder,OperationBuilder,OperationBuilder>>"
"CustomerPortal.UserAuthService.Postgres.Migrations.AddUser.Up","CustomerPortal.UserAuthService.Postgres.Migrations.AddUser.Up","Microsoft.EntityFrameworkCore.Migrations.Operations.Builders.CreateTableBuilder<<>__AnonType0<OperationBuilder,OperationBuilder,OperationBuilder,OperationBuilder>>.ForeignKey"
"CustomerPortal.UserAuthService.Postgres.Migrations.AddUser.Up","CustomerPortal.UserAuthService.Postgres.Migrations.AddUser.Up","Microsoft.EntityFrameworkCore.Migrations.Operations.Builders.CreateTableBuilder<<>__AnonType0<OperationBuilder,OperationBuilder,OperationBuilder,OperationBuilder>>.PrimaryKey"
"CustomerPortal.UserAuthService.Postgres.Migrations.AddUser.Up","CustomerPortal.UserAuthService.Postgres.Migrations.AddUser.Up","Microsoft.EntityFrameworkCore.Migrations.Operations.Builders.ColumnsBuilder.Column<Guid>"
"CustomerPortal.UserAuthService.Postgres.Migrations.AddUser.Up","CustomerPortal.UserAuthService.Postgres.Migrations.AddUser.Up","Microsoft.EntityFrameworkCore.Migrations.Operations.Builders.ColumnsBuilder.Column<DateTime>"
"CustomerPortal.UserAuthService.Postgres.Migrations.AddRole.Down","CustomerPortal.UserAuthService.Postgres.Migrations.AddRole.Down","Microsoft.EntityFrameworkCore.Migrations.MigrationBuilder.DropColumn"
"CustomerPortal.UserAuthService.Postgres.Migrations.AddRole.Down","CustomerPortal.UserAuthService.Postgres.Migrations.AddRole.Down","Microsoft.EntityFrameworkCore.Migrations.MigrationBuilder.RenameColumn"
"CustomerPortal.UserAuthService.Postgres.Migrations.AddRole.Up","CustomerPortal.UserAuthService.Postgres.Migrations.AddRole.Up","Microsoft.EntityFrameworkCore.Migrations.MigrationBuilder.RenameColumn"
"CustomerPortal.UserAuthService.Postgres.Migrations.AddRole.Up","CustomerPortal.UserAuthService.Postgres.Migrations.AddRole.Up","Microsoft.EntityFrameworkCore.Migrations.MigrationBuilder.AddColumn<Int32>"
"CustomerPortal.UserAuthService.Postgres.Migrations.AddUserState.Down","CustomerPortal.UserAuthService.Postgres.Migrations.AddUserState.Down","Microsoft.EntityFrameworkCore.Migrations.MigrationBuilder.DropColumn"
"CustomerPortal.UserAuthService.Postgres.Migrations.AddUserState.Down","CustomerPortal.UserAuthService.Postgres.Migrations.AddUserState.Down","Microsoft.EntityFrameworkCore.Migrations.MigrationBuilder.AddColumn<Boolean>"
"CustomerPortal.UserAuthService.Postgres.Migrations.AddUserState.Up","CustomerPortal.UserAuthService.Postgres.Migrations.AddUserState.Up","Microsoft.EntityFrameworkCore.Migrations.MigrationBuilder.DropColumn"
"CustomerPortal.UserAuthService.Postgres.Migrations.AddUserState.Up","CustomerPortal.UserAuthService.Postgres.Migrations.AddUserState.Up","Microsoft.EntityFrameworkCore.Migrations.MigrationBuilder.AddColumn<String>"
"CustomerPortal.UserAuthService.Postgres.Migrations.AddCustomerNoOnApprove.Down","CustomerPortal.UserAuthService.Postgres.Migrations.AddCustomerNoOnApprove.Down","Microsoft.EntityFrameworkCore.Migrations.MigrationBuilder.DropColumn"
"CustomerPortal.UserAuthService.Postgres.Migrations.AddCustomerNoOnApprove.Up","CustomerPortal.UserAuthService.Postgres.Migrations.AddCustomerNoOnApprove.Up","Microsoft.EntityFrameworkCore.Migrations.MigrationBuilder.AddColumn<Int32>"
"CustomerPortal.UserAuthService.Postgres.UserAuthContext.OnModelCreating","CustomerPortal.UserAuthService.Postgres.UserAuthContext.OnModelCreating","Microsoft.EntityFrameworkCore.ModelBuilder.ApplyConfigurationsFromAssembly"
"CustomerPortal.UserAuthService.Postgres.UserAuthContext.OnModelCreating","CustomerPortal.UserAuthService.Postgres.UserAuthContext.OnModelCreating","System.Reflection.Assembly.GetExecutingAssembly"
